"","Time","AgeGrp","ASFR","PASFR","Births"
"1",1990,15,23.1145840707965,0.636185840707965,12.6034867256637
"2",1990,16,40.7475752212389,1.1349203539823,22.1493274336283
"3",1990,17,64.6901769911504,1.83251327433628,35.1950796460177
"4",1990,18,93.9267256637168,2.70195575221239,50.9953982300885
"5",1990,19,122.769362831858,3.56975221238938,66.0800088495575
"6",1990,20,148.880761061947,4.3630796460177,79.0096814159292
"7",1990,21,167.242353982301,4.92069911504425,86.8553628318584
"8",1990,22,177.513601769912,5.2312389380531,89.6888053097345
"9",1990,23,182.955389380531,5.39645132743363,89.6958053097345
"10",1990,24,184.562672566372,5.44777876106195,87.6961769911504
"11",1990,25,183.450380530973,5.41988495575221,84.4479115044248
"12",1990,26,180.044654867257,5.325,80.2901150442478
"13",1990,27,175.100884955752,5.185,75.6225840707965
"14",1990,28,168.878362831858,5.00646902654867,70.5889203539823
"15",1990,29,161.749752212389,4.79763716814159,65.3633274336283
"16",1990,30,153.709805309735,4.55736283185841,60.0256017699115
"17",1990,31,144.345566371681,4.2733982300885,54.4661681415929
"18",1990,32,133.819026548673,3.95046017699115,48.7403185840708
"19",1990,33,123.233168141593,3.6215221238938,43.2519911504425
"20",1990,34,112.800991150442,3.2941592920354,38.0676283185841
"21",1990,35,102.283486725664,2.96762831858407,33.1475398230088
"22",1990,36,91.6338230088496,2.64223008849558,28.4825309734513
"23",1990,37,80.9595221238938,2.32150442477876,24.1106460176991
"24",1990,38,70.3777876106195,2.00834513274336,20.0575044247788
"25",1990,39,60.3380442477876,1.71517699115044,16.439592920354
"26",1990,40,50.9458053097345,1.44425663716814,13.2644336283186
"27",1990,41,42.2400707964602,1.19277876106195,10.4679203539823
"28",1990,42,34.4247699115044,0.965884955752212,8.06920353982301
"29",1990,43,28.336796460177,0.787716814159292,6.24169911504425
"30",1990,44,23.9874778761062,0.659053097345133,4.93924778761062
"31",1990,45,20.5444247787611,0.557884955752212,3.95120353982301
"32",1990,46,17.7106902654867,0.476026548672566,3.18814159292035
"33",1990,47,15.0628407079646,0.402008849557522,2.54911504424779
"34",1990,48,12.2892920353982,0.326787610619469,1.96791150442478
"35",1990,49,8.47871681415929,0.225238938053097,1.29005309734513
"36",1991,15,23.1145840707965,0.636185840707965,12.6034867256637
"37",1991,16,40.7475752212389,1.1349203539823,22.1493274336283
"38",1991,17,64.6901769911504,1.83251327433628,35.1950796460177
"39",1991,18,93.9267256637168,2.70195575221239,50.9953982300885
"40",1991,19,122.769362831858,3.56975221238938,66.0800088495575
"41",1991,20,148.880761061947,4.3630796460177,79.0096814159292
"42",1991,21,167.242353982301,4.92069911504425,86.8553628318584
"43",1991,22,177.513601769912,5.2312389380531,89.6888053097345
"44",1991,23,182.955389380531,5.39645132743363,89.6958053097345
"45",1991,24,184.562672566372,5.44777876106195,87.6961769911504
"46",1991,25,183.450380530973,5.41988495575221,84.4479115044248
"47",1991,26,180.044654867257,5.325,80.2901150442478
"48",1991,27,175.100884955752,5.185,75.6225840707965
"49",1991,28,168.878362831858,5.00646902654867,70.5889203539823
"50",1991,29,161.749752212389,4.79763716814159,65.3633274336283
"51",1991,30,153.709805309735,4.55736283185841,60.0256017699115
"52",1991,31,144.345566371681,4.2733982300885,54.4661681415929
"53",1991,32,133.819026548673,3.95046017699115,48.7403185840708
"54",1991,33,123.233168141593,3.6215221238938,43.2519911504425
"55",1991,34,112.800991150442,3.2941592920354,38.0676283185841
"56",1991,35,102.283486725664,2.96762831858407,33.1475398230088
"57",1991,36,91.6338230088496,2.64223008849558,28.4825309734513
"58",1991,37,80.9595221238938,2.32150442477876,24.1106460176991
"59",1991,38,70.3777876106195,2.00834513274336,20.0575044247788
"60",1991,39,60.3380442477876,1.71517699115044,16.439592920354
"61",1991,40,50.9458053097345,1.44425663716814,13.2644336283186
"62",1991,41,42.2400707964602,1.19277876106195,10.4679203539823
"63",1991,42,34.4247699115044,0.965884955752212,8.06920353982301
"64",1991,43,28.336796460177,0.787716814159292,6.24169911504425
"65",1991,44,23.9874778761062,0.659053097345133,4.93924778761062
"66",1991,45,20.5444247787611,0.557884955752212,3.95120353982301
"67",1991,46,17.7106902654867,0.476026548672566,3.18814159292035
"68",1991,47,15.0628407079646,0.402008849557522,2.54911504424779
"69",1991,48,12.2892920353982,0.326787610619469,1.96791150442478
"70",1991,49,8.47871681415929,0.225238938053097,1.29005309734513
"71",1992,15,23.1145840707965,0.636185840707965,12.6034867256637
"72",1992,16,40.7475752212389,1.1349203539823,22.1493274336283
"73",1992,17,64.6901769911504,1.83251327433628,35.1950796460177
"74",1992,18,93.9267256637168,2.70195575221239,50.9953982300885
"75",1992,19,122.769362831858,3.56975221238938,66.0800088495575
"76",1992,20,148.880761061947,4.3630796460177,79.0096814159292
"77",1992,21,167.242353982301,4.92069911504425,86.8553628318584
"78",1992,22,177.513601769912,5.2312389380531,89.6888053097345
"79",1992,23,182.955389380531,5.39645132743363,89.6958053097345
"80",1992,24,184.562672566372,5.44777876106195,87.6961769911504
"81",1992,25,183.450380530973,5.41988495575221,84.4479115044248
"82",1992,26,180.044654867257,5.325,80.2901150442478
"83",1992,27,175.100884955752,5.185,75.6225840707965
"84",1992,28,168.878362831858,5.00646902654867,70.5889203539823
"85",1992,29,161.749752212389,4.79763716814159,65.3633274336283
"86",1992,30,153.709805309735,4.55736283185841,60.0256017699115
"87",1992,31,144.345566371681,4.2733982300885,54.4661681415929
"88",1992,32,133.819026548673,3.95046017699115,48.7403185840708
"89",1992,33,123.233168141593,3.6215221238938,43.2519911504425
"90",1992,34,112.800991150442,3.2941592920354,38.0676283185841
"91",1992,35,102.283486725664,2.96762831858407,33.1475398230088
"92",1992,36,91.6338230088496,2.64223008849558,28.4825309734513
"93",1992,37,80.9595221238938,2.32150442477876,24.1106460176991
"94",1992,38,70.3777876106195,2.00834513274336,20.0575044247788
"95",1992,39,60.3380442477876,1.71517699115044,16.439592920354
"96",1992,40,50.9458053097345,1.44425663716814,13.2644336283186
"97",1992,41,42.2400707964602,1.19277876106195,10.4679203539823
"98",1992,42,34.4247699115044,0.965884955752212,8.06920353982301
"99",1992,43,28.336796460177,0.787716814159292,6.24169911504425
"100",1992,44,23.9874778761062,0.659053097345133,4.93924778761062
"101",1992,45,20.5444247787611,0.557884955752212,3.95120353982301
"102",1992,46,17.7106902654867,0.476026548672566,3.18814159292035
"103",1992,47,15.0628407079646,0.402008849557522,2.54911504424779
"104",1992,48,12.2892920353982,0.326787610619469,1.96791150442478
"105",1992,49,8.47871681415929,0.225238938053097,1.29005309734513
"106",1993,15,23.1145840707965,0.636185840707965,12.6034867256637
"107",1993,16,40.7475752212389,1.1349203539823,22.1493274336283
"108",1993,17,64.6901769911504,1.83251327433628,35.1950796460177
"109",1993,18,93.9267256637168,2.70195575221239,50.9953982300885
"110",1993,19,122.769362831858,3.56975221238938,66.0800088495575
"111",1993,20,148.880761061947,4.3630796460177,79.0096814159292
"112",1993,21,167.242353982301,4.92069911504425,86.8553628318584
"113",1993,22,177.513601769912,5.2312389380531,89.6888053097345
"114",1993,23,182.955389380531,5.39645132743363,89.6958053097345
"115",1993,24,184.562672566372,5.44777876106195,87.6961769911504
"116",1993,25,183.450380530973,5.41988495575221,84.4479115044248
"117",1993,26,180.044654867257,5.325,80.2901150442478
"118",1993,27,175.100884955752,5.185,75.6225840707965
"119",1993,28,168.878362831858,5.00646902654867,70.5889203539823
"120",1993,29,161.749752212389,4.79763716814159,65.3633274336283
"121",1993,30,153.709805309735,4.55736283185841,60.0256017699115
"122",1993,31,144.345566371681,4.2733982300885,54.4661681415929
"123",1993,32,133.819026548673,3.95046017699115,48.7403185840708
"124",1993,33,123.233168141593,3.6215221238938,43.2519911504425
"125",1993,34,112.800991150442,3.2941592920354,38.0676283185841
"126",1993,35,102.283486725664,2.96762831858407,33.1475398230088
"127",1993,36,91.6338230088496,2.64223008849558,28.4825309734513
"128",1993,37,80.9595221238938,2.32150442477876,24.1106460176991
"129",1993,38,70.3777876106195,2.00834513274336,20.0575044247788
"130",1993,39,60.3380442477876,1.71517699115044,16.439592920354
"131",1993,40,50.9458053097345,1.44425663716814,13.2644336283186
"132",1993,41,42.2400707964602,1.19277876106195,10.4679203539823
"133",1993,42,34.4247699115044,0.965884955752212,8.06920353982301
"134",1993,43,28.336796460177,0.787716814159292,6.24169911504425
"135",1993,44,23.9874778761062,0.659053097345133,4.93924778761062
"136",1993,45,20.5444247787611,0.557884955752212,3.95120353982301
"137",1993,46,17.7106902654867,0.476026548672566,3.18814159292035
"138",1993,47,15.0628407079646,0.402008849557522,2.54911504424779
"139",1993,48,12.2892920353982,0.326787610619469,1.96791150442478
"140",1993,49,8.47871681415929,0.225238938053097,1.29005309734513
"141",1994,15,23.1145840707965,0.636185840707965,12.6034867256637
"142",1994,16,40.7475752212389,1.1349203539823,22.1493274336283
"143",1994,17,64.6901769911504,1.83251327433628,35.1950796460177
"144",1994,18,93.9267256637168,2.70195575221239,50.9953982300885
"145",1994,19,122.769362831858,3.56975221238938,66.0800088495575
"146",1994,20,148.880761061947,4.3630796460177,79.0096814159292
"147",1994,21,167.242353982301,4.92069911504425,86.8553628318584
"148",1994,22,177.513601769912,5.2312389380531,89.6888053097345
"149",1994,23,182.955389380531,5.39645132743363,89.6958053097345
"150",1994,24,184.562672566372,5.44777876106195,87.6961769911504
"151",1994,25,183.450380530973,5.41988495575221,84.4479115044248
"152",1994,26,180.044654867257,5.325,80.2901150442478
"153",1994,27,175.100884955752,5.185,75.6225840707965
"154",1994,28,168.878362831858,5.00646902654867,70.5889203539823
"155",1994,29,161.749752212389,4.79763716814159,65.3633274336283
"156",1994,30,153.709805309735,4.55736283185841,60.0256017699115
"157",1994,31,144.345566371681,4.2733982300885,54.4661681415929
"158",1994,32,133.819026548673,3.95046017699115,48.7403185840708
"159",1994,33,123.233168141593,3.6215221238938,43.2519911504425
"160",1994,34,112.800991150442,3.2941592920354,38.0676283185841
"161",1994,35,102.283486725664,2.96762831858407,33.1475398230088
"162",1994,36,91.6338230088496,2.64223008849558,28.4825309734513
"163",1994,37,80.9595221238938,2.32150442477876,24.1106460176991
"164",1994,38,70.3777876106195,2.00834513274336,20.0575044247788
"165",1994,39,60.3380442477876,1.71517699115044,16.439592920354
"166",1994,40,50.9458053097345,1.44425663716814,13.2644336283186
"167",1994,41,42.2400707964602,1.19277876106195,10.4679203539823
"168",1994,42,34.4247699115044,0.965884955752212,8.06920353982301
"169",1994,43,28.336796460177,0.787716814159292,6.24169911504425
"170",1994,44,23.9874778761062,0.659053097345133,4.93924778761062
"171",1994,45,20.5444247787611,0.557884955752212,3.95120353982301
"172",1994,46,17.7106902654867,0.476026548672566,3.18814159292035
"173",1994,47,15.0628407079646,0.402008849557522,2.54911504424779
"174",1994,48,12.2892920353982,0.326787610619469,1.96791150442478
"175",1994,49,8.47871681415929,0.225238938053097,1.29005309734513
"176",1995,15,23.1145840707965,0.636185840707965,12.6034867256637
"177",1995,16,40.7475752212389,1.1349203539823,22.1493274336283
"178",1995,17,64.6901769911504,1.83251327433628,35.1950796460177
"179",1995,18,93.9267256637168,2.70195575221239,50.9953982300885
"180",1995,19,122.769362831858,3.56975221238938,66.0800088495575
"181",1995,20,148.880761061947,4.3630796460177,79.0096814159292
"182",1995,21,167.242353982301,4.92069911504425,86.8553628318584
"183",1995,22,177.513601769912,5.2312389380531,89.6888053097345
"184",1995,23,182.955389380531,5.39645132743363,89.6958053097345
"185",1995,24,184.562672566372,5.44777876106195,87.6961769911504
"186",1995,25,183.450380530973,5.41988495575221,84.4479115044248
"187",1995,26,180.044654867257,5.325,80.2901150442478
"188",1995,27,175.100884955752,5.185,75.6225840707965
"189",1995,28,168.878362831858,5.00646902654867,70.5889203539823
"190",1995,29,161.749752212389,4.79763716814159,65.3633274336283
"191",1995,30,153.709805309735,4.55736283185841,60.0256017699115
"192",1995,31,144.345566371681,4.2733982300885,54.4661681415929
"193",1995,32,133.819026548673,3.95046017699115,48.7403185840708
"194",1995,33,123.233168141593,3.6215221238938,43.2519911504425
"195",1995,34,112.800991150442,3.2941592920354,38.0676283185841
"196",1995,35,102.283486725664,2.96762831858407,33.1475398230088
"197",1995,36,91.6338230088496,2.64223008849558,28.4825309734513
"198",1995,37,80.9595221238938,2.32150442477876,24.1106460176991
"199",1995,38,70.3777876106195,2.00834513274336,20.0575044247788
"200",1995,39,60.3380442477876,1.71517699115044,16.439592920354
"201",1995,40,50.9458053097345,1.44425663716814,13.2644336283186
"202",1995,41,42.2400707964602,1.19277876106195,10.4679203539823
"203",1995,42,34.4247699115044,0.965884955752212,8.06920353982301
"204",1995,43,28.336796460177,0.787716814159292,6.24169911504425
"205",1995,44,23.9874778761062,0.659053097345133,4.93924778761062
"206",1995,45,20.5444247787611,0.557884955752212,3.95120353982301
"207",1995,46,17.7106902654867,0.476026548672566,3.18814159292035
"208",1995,47,15.0628407079646,0.402008849557522,2.54911504424779
"209",1995,48,12.2892920353982,0.326787610619469,1.96791150442478
"210",1995,49,8.47871681415929,0.225238938053097,1.29005309734513
"211",1996,15,23.1145840707965,0.636185840707965,12.6034867256637
"212",1996,16,40.7475752212389,1.1349203539823,22.1493274336283
"213",1996,17,64.6901769911504,1.83251327433628,35.1950796460177
"214",1996,18,93.9267256637168,2.70195575221239,50.9953982300885
"215",1996,19,122.769362831858,3.56975221238938,66.0800088495575
"216",1996,20,148.880761061947,4.3630796460177,79.0096814159292
"217",1996,21,167.242353982301,4.92069911504425,86.8553628318584
"218",1996,22,177.513601769912,5.2312389380531,89.6888053097345
"219",1996,23,182.955389380531,5.39645132743363,89.6958053097345
"220",1996,24,184.562672566372,5.44777876106195,87.6961769911504
"221",1996,25,183.450380530973,5.41988495575221,84.4479115044248
"222",1996,26,180.044654867257,5.325,80.2901150442478
"223",1996,27,175.100884955752,5.185,75.6225840707965
"224",1996,28,168.878362831858,5.00646902654867,70.5889203539823
"225",1996,29,161.749752212389,4.79763716814159,65.3633274336283
"226",1996,30,153.709805309735,4.55736283185841,60.0256017699115
"227",1996,31,144.345566371681,4.2733982300885,54.4661681415929
"228",1996,32,133.819026548673,3.95046017699115,48.7403185840708
"229",1996,33,123.233168141593,3.6215221238938,43.2519911504425
"230",1996,34,112.800991150442,3.2941592920354,38.0676283185841
"231",1996,35,102.283486725664,2.96762831858407,33.1475398230088
"232",1996,36,91.6338230088496,2.64223008849558,28.4825309734513
"233",1996,37,80.9595221238938,2.32150442477876,24.1106460176991
"234",1996,38,70.3777876106195,2.00834513274336,20.0575044247788
"235",1996,39,60.3380442477876,1.71517699115044,16.439592920354
"236",1996,40,50.9458053097345,1.44425663716814,13.2644336283186
"237",1996,41,42.2400707964602,1.19277876106195,10.4679203539823
"238",1996,42,34.4247699115044,0.965884955752212,8.06920353982301
"239",1996,43,28.336796460177,0.787716814159292,6.24169911504425
"240",1996,44,23.9874778761062,0.659053097345133,4.93924778761062
"241",1996,45,20.5444247787611,0.557884955752212,3.95120353982301
"242",1996,46,17.7106902654867,0.476026548672566,3.18814159292035
"243",1996,47,15.0628407079646,0.402008849557522,2.54911504424779
"244",1996,48,12.2892920353982,0.326787610619469,1.96791150442478
"245",1996,49,8.47871681415929,0.225238938053097,1.29005309734513
"246",1997,15,23.1145840707965,0.636185840707965,12.6034867256637
"247",1997,16,40.7475752212389,1.1349203539823,22.1493274336283
"248",1997,17,64.6901769911504,1.83251327433628,35.1950796460177
"249",1997,18,93.9267256637168,2.70195575221239,50.9953982300885
"250",1997,19,122.769362831858,3.56975221238938,66.0800088495575
"251",1997,20,148.880761061947,4.3630796460177,79.0096814159292
"252",1997,21,167.242353982301,4.92069911504425,86.8553628318584
"253",1997,22,177.513601769912,5.2312389380531,89.6888053097345
"254",1997,23,182.955389380531,5.39645132743363,89.6958053097345
"255",1997,24,184.562672566372,5.44777876106195,87.6961769911504
"256",1997,25,183.450380530973,5.41988495575221,84.4479115044248
"257",1997,26,180.044654867257,5.325,80.2901150442478
"258",1997,27,175.100884955752,5.185,75.6225840707965
"259",1997,28,168.878362831858,5.00646902654867,70.5889203539823
"260",1997,29,161.749752212389,4.79763716814159,65.3633274336283
"261",1997,30,153.709805309735,4.55736283185841,60.0256017699115
"262",1997,31,144.345566371681,4.2733982300885,54.4661681415929
"263",1997,32,133.819026548673,3.95046017699115,48.7403185840708
"264",1997,33,123.233168141593,3.6215221238938,43.2519911504425
"265",1997,34,112.800991150442,3.2941592920354,38.0676283185841
"266",1997,35,102.283486725664,2.96762831858407,33.1475398230088
"267",1997,36,91.6338230088496,2.64223008849558,28.4825309734513
"268",1997,37,80.9595221238938,2.32150442477876,24.1106460176991
"269",1997,38,70.3777876106195,2.00834513274336,20.0575044247788
"270",1997,39,60.3380442477876,1.71517699115044,16.439592920354
"271",1997,40,50.9458053097345,1.44425663716814,13.2644336283186
"272",1997,41,42.2400707964602,1.19277876106195,10.4679203539823
"273",1997,42,34.4247699115044,0.965884955752212,8.06920353982301
"274",1997,43,28.336796460177,0.787716814159292,6.24169911504425
"275",1997,44,23.9874778761062,0.659053097345133,4.93924778761062
"276",1997,45,20.5444247787611,0.557884955752212,3.95120353982301
"277",1997,46,17.7106902654867,0.476026548672566,3.18814159292035
"278",1997,47,15.0628407079646,0.402008849557522,2.54911504424779
"279",1997,48,12.2892920353982,0.326787610619469,1.96791150442478
"280",1997,49,8.47871681415929,0.225238938053097,1.29005309734513
"281",1998,15,23.1145840707965,0.636185840707965,12.6034867256637
"282",1998,16,40.7475752212389,1.1349203539823,22.1493274336283
"283",1998,17,64.6901769911504,1.83251327433628,35.1950796460177
"284",1998,18,93.9267256637168,2.70195575221239,50.9953982300885
"285",1998,19,122.769362831858,3.56975221238938,66.0800088495575
"286",1998,20,148.880761061947,4.3630796460177,79.0096814159292
"287",1998,21,167.242353982301,4.92069911504425,86.8553628318584
"288",1998,22,177.513601769912,5.2312389380531,89.6888053097345
"289",1998,23,182.955389380531,5.39645132743363,89.6958053097345
"290",1998,24,184.562672566372,5.44777876106195,87.6961769911504
"291",1998,25,183.450380530973,5.41988495575221,84.4479115044248
"292",1998,26,180.044654867257,5.325,80.2901150442478
"293",1998,27,175.100884955752,5.185,75.6225840707965
"294",1998,28,168.878362831858,5.00646902654867,70.5889203539823
"295",1998,29,161.749752212389,4.79763716814159,65.3633274336283
"296",1998,30,153.709805309735,4.55736283185841,60.0256017699115
"297",1998,31,144.345566371681,4.2733982300885,54.4661681415929
"298",1998,32,133.819026548673,3.95046017699115,48.7403185840708
"299",1998,33,123.233168141593,3.6215221238938,43.2519911504425
"300",1998,34,112.800991150442,3.2941592920354,38.0676283185841
"301",1998,35,102.283486725664,2.96762831858407,33.1475398230088
"302",1998,36,91.6338230088496,2.64223008849558,28.4825309734513
"303",1998,37,80.9595221238938,2.32150442477876,24.1106460176991
"304",1998,38,70.3777876106195,2.00834513274336,20.0575044247788
"305",1998,39,60.3380442477876,1.71517699115044,16.439592920354
"306",1998,40,50.9458053097345,1.44425663716814,13.2644336283186
"307",1998,41,42.2400707964602,1.19277876106195,10.4679203539823
"308",1998,42,34.4247699115044,0.965884955752212,8.06920353982301
"309",1998,43,28.336796460177,0.787716814159292,6.24169911504425
"310",1998,44,23.9874778761062,0.659053097345133,4.93924778761062
"311",1998,45,20.5444247787611,0.557884955752212,3.95120353982301
"312",1998,46,17.7106902654867,0.476026548672566,3.18814159292035
"313",1998,47,15.0628407079646,0.402008849557522,2.54911504424779
"314",1998,48,12.2892920353982,0.326787610619469,1.96791150442478
"315",1998,49,8.47871681415929,0.225238938053097,1.29005309734513
"316",1999,15,23.1145840707965,0.636185840707965,12.6034867256637
"317",1999,16,40.7475752212389,1.1349203539823,22.1493274336283
"318",1999,17,64.6901769911504,1.83251327433628,35.1950796460177
"319",1999,18,93.9267256637168,2.70195575221239,50.9953982300885
"320",1999,19,122.769362831858,3.56975221238938,66.0800088495575
"321",1999,20,148.880761061947,4.3630796460177,79.0096814159292
"322",1999,21,167.242353982301,4.92069911504425,86.8553628318584
"323",1999,22,177.513601769912,5.2312389380531,89.6888053097345
"324",1999,23,182.955389380531,5.39645132743363,89.6958053097345
"325",1999,24,184.562672566372,5.44777876106195,87.6961769911504
"326",1999,25,183.450380530973,5.41988495575221,84.4479115044248
"327",1999,26,180.044654867257,5.325,80.2901150442478
"328",1999,27,175.100884955752,5.185,75.6225840707965
"329",1999,28,168.878362831858,5.00646902654867,70.5889203539823
"330",1999,29,161.749752212389,4.79763716814159,65.3633274336283
"331",1999,30,153.709805309735,4.55736283185841,60.0256017699115
"332",1999,31,144.345566371681,4.2733982300885,54.4661681415929
"333",1999,32,133.819026548673,3.95046017699115,48.7403185840708
"334",1999,33,123.233168141593,3.6215221238938,43.2519911504425
"335",1999,34,112.800991150442,3.2941592920354,38.0676283185841
"336",1999,35,102.283486725664,2.96762831858407,33.1475398230088
"337",1999,36,91.6338230088496,2.64223008849558,28.4825309734513
"338",1999,37,80.9595221238938,2.32150442477876,24.1106460176991
"339",1999,38,70.3777876106195,2.00834513274336,20.0575044247788
"340",1999,39,60.3380442477876,1.71517699115044,16.439592920354
"341",1999,40,50.9458053097345,1.44425663716814,13.2644336283186
"342",1999,41,42.2400707964602,1.19277876106195,10.4679203539823
"343",1999,42,34.4247699115044,0.965884955752212,8.06920353982301
"344",1999,43,28.336796460177,0.787716814159292,6.24169911504425
"345",1999,44,23.9874778761062,0.659053097345133,4.93924778761062
"346",1999,45,20.5444247787611,0.557884955752212,3.95120353982301
"347",1999,46,17.7106902654867,0.476026548672566,3.18814159292035
"348",1999,47,15.0628407079646,0.402008849557522,2.54911504424779
"349",1999,48,12.2892920353982,0.326787610619469,1.96791150442478
"350",1999,49,8.47871681415929,0.225238938053097,1.29005309734513
"351",2000,15,23.1145840707965,0.636185840707965,12.6034867256637
"352",2000,16,40.7475752212389,1.1349203539823,22.1493274336283
"353",2000,17,64.6901769911504,1.83251327433628,35.1950796460177
"354",2000,18,93.9267256637168,2.70195575221239,50.9953982300885
"355",2000,19,122.769362831858,3.56975221238938,66.0800088495575
"356",2000,20,148.880761061947,4.3630796460177,79.0096814159292
"357",2000,21,167.242353982301,4.92069911504425,86.8553628318584
"358",2000,22,177.513601769912,5.2312389380531,89.6888053097345
"359",2000,23,182.955389380531,5.39645132743363,89.6958053097345
"360",2000,24,184.562672566372,5.44777876106195,87.6961769911504
"361",2000,25,183.450380530973,5.41988495575221,84.4479115044248
"362",2000,26,180.044654867257,5.325,80.2901150442478
"363",2000,27,175.100884955752,5.185,75.6225840707965
"364",2000,28,168.878362831858,5.00646902654867,70.5889203539823
"365",2000,29,161.749752212389,4.79763716814159,65.3633274336283
"366",2000,30,153.709805309735,4.55736283185841,60.0256017699115
"367",2000,31,144.345566371681,4.2733982300885,54.4661681415929
"368",2000,32,133.819026548673,3.95046017699115,48.7403185840708
"369",2000,33,123.233168141593,3.6215221238938,43.2519911504425
"370",2000,34,112.800991150442,3.2941592920354,38.0676283185841
"371",2000,35,102.283486725664,2.96762831858407,33.1475398230088
"372",2000,36,91.6338230088496,2.64223008849558,28.4825309734513
"373",2000,37,80.9595221238938,2.32150442477876,24.1106460176991
"374",2000,38,70.3777876106195,2.00834513274336,20.0575044247788
"375",2000,39,60.3380442477876,1.71517699115044,16.439592920354
"376",2000,40,50.9458053097345,1.44425663716814,13.2644336283186
"377",2000,41,42.2400707964602,1.19277876106195,10.4679203539823
"378",2000,42,34.4247699115044,0.965884955752212,8.06920353982301
"379",2000,43,28.336796460177,0.787716814159292,6.24169911504425
"380",2000,44,23.9874778761062,0.659053097345133,4.93924778761062
"381",2000,45,20.5444247787611,0.557884955752212,3.95120353982301
"382",2000,46,17.7106902654867,0.476026548672566,3.18814159292035
"383",2000,47,15.0628407079646,0.402008849557522,2.54911504424779
"384",2000,48,12.2892920353982,0.326787610619469,1.96791150442478
"385",2000,49,8.47871681415929,0.225238938053097,1.29005309734513
"386",2001,15,23.1145840707965,0.636185840707965,12.6034867256637
"387",2001,16,40.7475752212389,1.1349203539823,22.1493274336283
"388",2001,17,64.6901769911504,1.83251327433628,35.1950796460177
"389",2001,18,93.9267256637168,2.70195575221239,50.9953982300885
"390",2001,19,122.769362831858,3.56975221238938,66.0800088495575
"391",2001,20,148.880761061947,4.3630796460177,79.0096814159292
"392",2001,21,167.242353982301,4.92069911504425,86.8553628318584
"393",2001,22,177.513601769912,5.2312389380531,89.6888053097345
"394",2001,23,182.955389380531,5.39645132743363,89.6958053097345
"395",2001,24,184.562672566372,5.44777876106195,87.6961769911504
"396",2001,25,183.450380530973,5.41988495575221,84.4479115044248
"397",2001,26,180.044654867257,5.325,80.2901150442478
"398",2001,27,175.100884955752,5.185,75.6225840707965
"399",2001,28,168.878362831858,5.00646902654867,70.5889203539823
"400",2001,29,161.749752212389,4.79763716814159,65.3633274336283
"401",2001,30,153.709805309735,4.55736283185841,60.0256017699115
"402",2001,31,144.345566371681,4.2733982300885,54.4661681415929
"403",2001,32,133.819026548673,3.95046017699115,48.7403185840708
"404",2001,33,123.233168141593,3.6215221238938,43.2519911504425
"405",2001,34,112.800991150442,3.2941592920354,38.0676283185841
"406",2001,35,102.283486725664,2.96762831858407,33.1475398230088
"407",2001,36,91.6338230088496,2.64223008849558,28.4825309734513
"408",2001,37,80.9595221238938,2.32150442477876,24.1106460176991
"409",2001,38,70.3777876106195,2.00834513274336,20.0575044247788
"410",2001,39,60.3380442477876,1.71517699115044,16.439592920354
"411",2001,40,50.9458053097345,1.44425663716814,13.2644336283186
"412",2001,41,42.2400707964602,1.19277876106195,10.4679203539823
"413",2001,42,34.4247699115044,0.965884955752212,8.06920353982301
"414",2001,43,28.336796460177,0.787716814159292,6.24169911504425
"415",2001,44,23.9874778761062,0.659053097345133,4.93924778761062
"416",2001,45,20.5444247787611,0.557884955752212,3.95120353982301
"417",2001,46,17.7106902654867,0.476026548672566,3.18814159292035
"418",2001,47,15.0628407079646,0.402008849557522,2.54911504424779
"419",2001,48,12.2892920353982,0.326787610619469,1.96791150442478
"420",2001,49,8.47871681415929,0.225238938053097,1.29005309734513
"421",2002,15,23.1145840707965,0.636185840707965,12.6034867256637
"422",2002,16,40.7475752212389,1.1349203539823,22.1493274336283
"423",2002,17,64.6901769911504,1.83251327433628,35.1950796460177
"424",2002,18,93.9267256637168,2.70195575221239,50.9953982300885
"425",2002,19,122.769362831858,3.56975221238938,66.0800088495575
"426",2002,20,148.880761061947,4.3630796460177,79.0096814159292
"427",2002,21,167.242353982301,4.92069911504425,86.8553628318584
"428",2002,22,177.513601769912,5.2312389380531,89.6888053097345
"429",2002,23,182.955389380531,5.39645132743363,89.6958053097345
"430",2002,24,184.562672566372,5.44777876106195,87.6961769911504
"431",2002,25,183.450380530973,5.41988495575221,84.4479115044248
"432",2002,26,180.044654867257,5.325,80.2901150442478
"433",2002,27,175.100884955752,5.185,75.6225840707965
"434",2002,28,168.878362831858,5.00646902654867,70.5889203539823
"435",2002,29,161.749752212389,4.79763716814159,65.3633274336283
"436",2002,30,153.709805309735,4.55736283185841,60.0256017699115
"437",2002,31,144.345566371681,4.2733982300885,54.4661681415929
"438",2002,32,133.819026548673,3.95046017699115,48.7403185840708
"439",2002,33,123.233168141593,3.6215221238938,43.2519911504425
"440",2002,34,112.800991150442,3.2941592920354,38.0676283185841
"441",2002,35,102.283486725664,2.96762831858407,33.1475398230088
"442",2002,36,91.6338230088496,2.64223008849558,28.4825309734513
"443",2002,37,80.9595221238938,2.32150442477876,24.1106460176991
"444",2002,38,70.3777876106195,2.00834513274336,20.0575044247788
"445",2002,39,60.3380442477876,1.71517699115044,16.439592920354
"446",2002,40,50.9458053097345,1.44425663716814,13.2644336283186
"447",2002,41,42.2400707964602,1.19277876106195,10.4679203539823
"448",2002,42,34.4247699115044,0.965884955752212,8.06920353982301
"449",2002,43,28.336796460177,0.787716814159292,6.24169911504425
"450",2002,44,23.9874778761062,0.659053097345133,4.93924778761062
"451",2002,45,20.5444247787611,0.557884955752212,3.95120353982301
"452",2002,46,17.7106902654867,0.476026548672566,3.18814159292035
"453",2002,47,15.0628407079646,0.402008849557522,2.54911504424779
"454",2002,48,12.2892920353982,0.326787610619469,1.96791150442478
"455",2002,49,8.47871681415929,0.225238938053097,1.29005309734513
"456",2003,15,23.1145840707965,0.636185840707965,12.6034867256637
"457",2003,16,40.7475752212389,1.1349203539823,22.1493274336283
"458",2003,17,64.6901769911504,1.83251327433628,35.1950796460177
"459",2003,18,93.9267256637168,2.70195575221239,50.9953982300885
"460",2003,19,122.769362831858,3.56975221238938,66.0800088495575
"461",2003,20,148.880761061947,4.3630796460177,79.0096814159292
"462",2003,21,167.242353982301,4.92069911504425,86.8553628318584
"463",2003,22,177.513601769912,5.2312389380531,89.6888053097345
"464",2003,23,182.955389380531,5.39645132743363,89.6958053097345
"465",2003,24,184.562672566372,5.44777876106195,87.6961769911504
"466",2003,25,183.450380530973,5.41988495575221,84.4479115044248
"467",2003,26,180.044654867257,5.325,80.2901150442478
"468",2003,27,175.100884955752,5.185,75.6225840707965
"469",2003,28,168.878362831858,5.00646902654867,70.5889203539823
"470",2003,29,161.749752212389,4.79763716814159,65.3633274336283
"471",2003,30,153.709805309735,4.55736283185841,60.0256017699115
"472",2003,31,144.345566371681,4.2733982300885,54.4661681415929
"473",2003,32,133.819026548673,3.95046017699115,48.7403185840708
"474",2003,33,123.233168141593,3.6215221238938,43.2519911504425
"475",2003,34,112.800991150442,3.2941592920354,38.0676283185841
"476",2003,35,102.283486725664,2.96762831858407,33.1475398230088
"477",2003,36,91.6338230088496,2.64223008849558,28.4825309734513
"478",2003,37,80.9595221238938,2.32150442477876,24.1106460176991
"479",2003,38,70.3777876106195,2.00834513274336,20.0575044247788
"480",2003,39,60.3380442477876,1.71517699115044,16.439592920354
"481",2003,40,50.9458053097345,1.44425663716814,13.2644336283186
"482",2003,41,42.2400707964602,1.19277876106195,10.4679203539823
"483",2003,42,34.4247699115044,0.965884955752212,8.06920353982301
"484",2003,43,28.336796460177,0.787716814159292,6.24169911504425
"485",2003,44,23.9874778761062,0.659053097345133,4.93924778761062
"486",2003,45,20.5444247787611,0.557884955752212,3.95120353982301
"487",2003,46,17.7106902654867,0.476026548672566,3.18814159292035
"488",2003,47,15.0628407079646,0.402008849557522,2.54911504424779
"489",2003,48,12.2892920353982,0.326787610619469,1.96791150442478
"490",2003,49,8.47871681415929,0.225238938053097,1.29005309734513
"491",2004,15,23.1145840707965,0.636185840707965,12.6034867256637
"492",2004,16,40.7475752212389,1.1349203539823,22.1493274336283
"493",2004,17,64.6901769911504,1.83251327433628,35.1950796460177
"494",2004,18,93.9267256637168,2.70195575221239,50.9953982300885
"495",2004,19,122.769362831858,3.56975221238938,66.0800088495575
"496",2004,20,148.880761061947,4.3630796460177,79.0096814159292
"497",2004,21,167.242353982301,4.92069911504425,86.8553628318584
"498",2004,22,177.513601769912,5.2312389380531,89.6888053097345
"499",2004,23,182.955389380531,5.39645132743363,89.6958053097345
"500",2004,24,184.562672566372,5.44777876106195,87.6961769911504
"501",2004,25,183.450380530973,5.41988495575221,84.4479115044248
"502",2004,26,180.044654867257,5.325,80.2901150442478
"503",2004,27,175.100884955752,5.185,75.6225840707965
"504",2004,28,168.878362831858,5.00646902654867,70.5889203539823
"505",2004,29,161.749752212389,4.79763716814159,65.3633274336283
"506",2004,30,153.709805309735,4.55736283185841,60.0256017699115
"507",2004,31,144.345566371681,4.2733982300885,54.4661681415929
"508",2004,32,133.819026548673,3.95046017699115,48.7403185840708
"509",2004,33,123.233168141593,3.6215221238938,43.2519911504425
"510",2004,34,112.800991150442,3.2941592920354,38.0676283185841
"511",2004,35,102.283486725664,2.96762831858407,33.1475398230088
"512",2004,36,91.6338230088496,2.64223008849558,28.4825309734513
"513",2004,37,80.9595221238938,2.32150442477876,24.1106460176991
"514",2004,38,70.3777876106195,2.00834513274336,20.0575044247788
"515",2004,39,60.3380442477876,1.71517699115044,16.439592920354
"516",2004,40,50.9458053097345,1.44425663716814,13.2644336283186
"517",2004,41,42.2400707964602,1.19277876106195,10.4679203539823
"518",2004,42,34.4247699115044,0.965884955752212,8.06920353982301
"519",2004,43,28.336796460177,0.787716814159292,6.24169911504425
"520",2004,44,23.9874778761062,0.659053097345133,4.93924778761062
"521",2004,45,20.5444247787611,0.557884955752212,3.95120353982301
"522",2004,46,17.7106902654867,0.476026548672566,3.18814159292035
"523",2004,47,15.0628407079646,0.402008849557522,2.54911504424779
"524",2004,48,12.2892920353982,0.326787610619469,1.96791150442478
"525",2004,49,8.47871681415929,0.225238938053097,1.29005309734513
"526",2005,15,23.1145840707965,0.636185840707965,12.6034867256637
"527",2005,16,40.7475752212389,1.1349203539823,22.1493274336283
"528",2005,17,64.6901769911504,1.83251327433628,35.1950796460177
"529",2005,18,93.9267256637168,2.70195575221239,50.9953982300885
"530",2005,19,122.769362831858,3.56975221238938,66.0800088495575
"531",2005,20,148.880761061947,4.3630796460177,79.0096814159292
"532",2005,21,167.242353982301,4.92069911504425,86.8553628318584
"533",2005,22,177.513601769912,5.2312389380531,89.6888053097345
"534",2005,23,182.955389380531,5.39645132743363,89.6958053097345
"535",2005,24,184.562672566372,5.44777876106195,87.6961769911504
"536",2005,25,183.450380530973,5.41988495575221,84.4479115044248
"537",2005,26,180.044654867257,5.325,80.2901150442478
"538",2005,27,175.100884955752,5.185,75.6225840707965
"539",2005,28,168.878362831858,5.00646902654867,70.5889203539823
"540",2005,29,161.749752212389,4.79763716814159,65.3633274336283
"541",2005,30,153.709805309735,4.55736283185841,60.0256017699115
"542",2005,31,144.345566371681,4.2733982300885,54.4661681415929
"543",2005,32,133.819026548673,3.95046017699115,48.7403185840708
"544",2005,33,123.233168141593,3.6215221238938,43.2519911504425
"545",2005,34,112.800991150442,3.2941592920354,38.0676283185841
"546",2005,35,102.283486725664,2.96762831858407,33.1475398230088
"547",2005,36,91.6338230088496,2.64223008849558,28.4825309734513
"548",2005,37,80.9595221238938,2.32150442477876,24.1106460176991
"549",2005,38,70.3777876106195,2.00834513274336,20.0575044247788
"550",2005,39,60.3380442477876,1.71517699115044,16.439592920354
"551",2005,40,50.9458053097345,1.44425663716814,13.2644336283186
"552",2005,41,42.2400707964602,1.19277876106195,10.4679203539823
"553",2005,42,34.4247699115044,0.965884955752212,8.06920353982301
"554",2005,43,28.336796460177,0.787716814159292,6.24169911504425
"555",2005,44,23.9874778761062,0.659053097345133,4.93924778761062
"556",2005,45,20.5444247787611,0.557884955752212,3.95120353982301
"557",2005,46,17.7106902654867,0.476026548672566,3.18814159292035
"558",2005,47,15.0628407079646,0.402008849557522,2.54911504424779
"559",2005,48,12.2892920353982,0.326787610619469,1.96791150442478
"560",2005,49,8.47871681415929,0.225238938053097,1.29005309734513
"561",2006,15,23.1145840707965,0.636185840707965,12.6034867256637
"562",2006,16,40.7475752212389,1.1349203539823,22.1493274336283
"563",2006,17,64.6901769911504,1.83251327433628,35.1950796460177
"564",2006,18,93.9267256637168,2.70195575221239,50.9953982300885
"565",2006,19,122.769362831858,3.56975221238938,66.0800088495575
"566",2006,20,148.880761061947,4.3630796460177,79.0096814159292
"567",2006,21,167.242353982301,4.92069911504425,86.8553628318584
"568",2006,22,177.513601769912,5.2312389380531,89.6888053097345
"569",2006,23,182.955389380531,5.39645132743363,89.6958053097345
"570",2006,24,184.562672566372,5.44777876106195,87.6961769911504
"571",2006,25,183.450380530973,5.41988495575221,84.4479115044248
"572",2006,26,180.044654867257,5.325,80.2901150442478
"573",2006,27,175.100884955752,5.185,75.6225840707965
"574",2006,28,168.878362831858,5.00646902654867,70.5889203539823
"575",2006,29,161.749752212389,4.79763716814159,65.3633274336283
"576",2006,30,153.709805309735,4.55736283185841,60.0256017699115
"577",2006,31,144.345566371681,4.2733982300885,54.4661681415929
"578",2006,32,133.819026548673,3.95046017699115,48.7403185840708
"579",2006,33,123.233168141593,3.6215221238938,43.2519911504425
"580",2006,34,112.800991150442,3.2941592920354,38.0676283185841
"581",2006,35,102.283486725664,2.96762831858407,33.1475398230088
"582",2006,36,91.6338230088496,2.64223008849558,28.4825309734513
"583",2006,37,80.9595221238938,2.32150442477876,24.1106460176991
"584",2006,38,70.3777876106195,2.00834513274336,20.0575044247788
"585",2006,39,60.3380442477876,1.71517699115044,16.439592920354
"586",2006,40,50.9458053097345,1.44425663716814,13.2644336283186
"587",2006,41,42.2400707964602,1.19277876106195,10.4679203539823
"588",2006,42,34.4247699115044,0.965884955752212,8.06920353982301
"589",2006,43,28.336796460177,0.787716814159292,6.24169911504425
"590",2006,44,23.9874778761062,0.659053097345133,4.93924778761062
"591",2006,45,20.5444247787611,0.557884955752212,3.95120353982301
"592",2006,46,17.7106902654867,0.476026548672566,3.18814159292035
"593",2006,47,15.0628407079646,0.402008849557522,2.54911504424779
"594",2006,48,12.2892920353982,0.326787610619469,1.96791150442478
"595",2006,49,8.47871681415929,0.225238938053097,1.29005309734513
"596",2007,15,23.1145840707965,0.636185840707965,12.6034867256637
"597",2007,16,40.7475752212389,1.1349203539823,22.1493274336283
"598",2007,17,64.6901769911504,1.83251327433628,35.1950796460177
"599",2007,18,93.9267256637168,2.70195575221239,50.9953982300885
"600",2007,19,122.769362831858,3.56975221238938,66.0800088495575
"601",2007,20,148.880761061947,4.3630796460177,79.0096814159292
"602",2007,21,167.242353982301,4.92069911504425,86.8553628318584
"603",2007,22,177.513601769912,5.2312389380531,89.6888053097345
"604",2007,23,182.955389380531,5.39645132743363,89.6958053097345
"605",2007,24,184.562672566372,5.44777876106195,87.6961769911504
"606",2007,25,183.450380530973,5.41988495575221,84.4479115044248
"607",2007,26,180.044654867257,5.325,80.2901150442478
"608",2007,27,175.100884955752,5.185,75.6225840707965
"609",2007,28,168.878362831858,5.00646902654867,70.5889203539823
"610",2007,29,161.749752212389,4.79763716814159,65.3633274336283
"611",2007,30,153.709805309735,4.55736283185841,60.0256017699115
"612",2007,31,144.345566371681,4.2733982300885,54.4661681415929
"613",2007,32,133.819026548673,3.95046017699115,48.7403185840708
"614",2007,33,123.233168141593,3.6215221238938,43.2519911504425
"615",2007,34,112.800991150442,3.2941592920354,38.0676283185841
"616",2007,35,102.283486725664,2.96762831858407,33.1475398230088
"617",2007,36,91.6338230088496,2.64223008849558,28.4825309734513
"618",2007,37,80.9595221238938,2.32150442477876,24.1106460176991
"619",2007,38,70.3777876106195,2.00834513274336,20.0575044247788
"620",2007,39,60.3380442477876,1.71517699115044,16.439592920354
"621",2007,40,50.9458053097345,1.44425663716814,13.2644336283186
"622",2007,41,42.2400707964602,1.19277876106195,10.4679203539823
"623",2007,42,34.4247699115044,0.965884955752212,8.06920353982301
"624",2007,43,28.336796460177,0.787716814159292,6.24169911504425
"625",2007,44,23.9874778761062,0.659053097345133,4.93924778761062
"626",2007,45,20.5444247787611,0.557884955752212,3.95120353982301
"627",2007,46,17.7106902654867,0.476026548672566,3.18814159292035
"628",2007,47,15.0628407079646,0.402008849557522,2.54911504424779
"629",2007,48,12.2892920353982,0.326787610619469,1.96791150442478
"630",2007,49,8.47871681415929,0.225238938053097,1.29005309734513
"631",2008,15,23.1145840707965,0.636185840707965,12.6034867256637
"632",2008,16,40.7475752212389,1.1349203539823,22.1493274336283
"633",2008,17,64.6901769911504,1.83251327433628,35.1950796460177
"634",2008,18,93.9267256637168,2.70195575221239,50.9953982300885
"635",2008,19,122.769362831858,3.56975221238938,66.0800088495575
"636",2008,20,148.880761061947,4.3630796460177,79.0096814159292
"637",2008,21,167.242353982301,4.92069911504425,86.8553628318584
"638",2008,22,177.513601769912,5.2312389380531,89.6888053097345
"639",2008,23,182.955389380531,5.39645132743363,89.6958053097345
"640",2008,24,184.562672566372,5.44777876106195,87.6961769911504
"641",2008,25,183.450380530973,5.41988495575221,84.4479115044248
"642",2008,26,180.044654867257,5.325,80.2901150442478
"643",2008,27,175.100884955752,5.185,75.6225840707965
"644",2008,28,168.878362831858,5.00646902654867,70.5889203539823
"645",2008,29,161.749752212389,4.79763716814159,65.3633274336283
"646",2008,30,153.709805309735,4.55736283185841,60.0256017699115
"647",2008,31,144.345566371681,4.2733982300885,54.4661681415929
"648",2008,32,133.819026548673,3.95046017699115,48.7403185840708
"649",2008,33,123.233168141593,3.6215221238938,43.2519911504425
"650",2008,34,112.800991150442,3.2941592920354,38.0676283185841
"651",2008,35,102.283486725664,2.96762831858407,33.1475398230088
"652",2008,36,91.6338230088496,2.64223008849558,28.4825309734513
"653",2008,37,80.9595221238938,2.32150442477876,24.1106460176991
"654",2008,38,70.3777876106195,2.00834513274336,20.0575044247788
"655",2008,39,60.3380442477876,1.71517699115044,16.439592920354
"656",2008,40,50.9458053097345,1.44425663716814,13.2644336283186
"657",2008,41,42.2400707964602,1.19277876106195,10.4679203539823
"658",2008,42,34.4247699115044,0.965884955752212,8.06920353982301
"659",2008,43,28.336796460177,0.787716814159292,6.24169911504425
"660",2008,44,23.9874778761062,0.659053097345133,4.93924778761062
"661",2008,45,20.5444247787611,0.557884955752212,3.95120353982301
"662",2008,46,17.7106902654867,0.476026548672566,3.18814159292035
"663",2008,47,15.0628407079646,0.402008849557522,2.54911504424779
"664",2008,48,12.2892920353982,0.326787610619469,1.96791150442478
"665",2008,49,8.47871681415929,0.225238938053097,1.29005309734513
"666",2009,15,23.1145840707965,0.636185840707965,12.6034867256637
"667",2009,16,40.7475752212389,1.1349203539823,22.1493274336283
"668",2009,17,64.6901769911504,1.83251327433628,35.1950796460177
"669",2009,18,93.9267256637168,2.70195575221239,50.9953982300885
"670",2009,19,122.769362831858,3.56975221238938,66.0800088495575
"671",2009,20,148.880761061947,4.3630796460177,79.0096814159292
"672",2009,21,167.242353982301,4.92069911504425,86.8553628318584
"673",2009,22,177.513601769912,5.2312389380531,89.6888053097345
"674",2009,23,182.955389380531,5.39645132743363,89.6958053097345
"675",2009,24,184.562672566372,5.44777876106195,87.6961769911504
"676",2009,25,183.450380530973,5.41988495575221,84.4479115044248
"677",2009,26,180.044654867257,5.325,80.2901150442478
"678",2009,27,175.100884955752,5.185,75.6225840707965
"679",2009,28,168.878362831858,5.00646902654867,70.5889203539823
"680",2009,29,161.749752212389,4.79763716814159,65.3633274336283
"681",2009,30,153.709805309735,4.55736283185841,60.0256017699115
"682",2009,31,144.345566371681,4.2733982300885,54.4661681415929
"683",2009,32,133.819026548673,3.95046017699115,48.7403185840708
"684",2009,33,123.233168141593,3.6215221238938,43.2519911504425
"685",2009,34,112.800991150442,3.2941592920354,38.0676283185841
"686",2009,35,102.283486725664,2.96762831858407,33.1475398230088
"687",2009,36,91.6338230088496,2.64223008849558,28.4825309734513
"688",2009,37,80.9595221238938,2.32150442477876,24.1106460176991
"689",2009,38,70.3777876106195,2.00834513274336,20.0575044247788
"690",2009,39,60.3380442477876,1.71517699115044,16.439592920354
"691",2009,40,50.9458053097345,1.44425663716814,13.2644336283186
"692",2009,41,42.2400707964602,1.19277876106195,10.4679203539823
"693",2009,42,34.4247699115044,0.965884955752212,8.06920353982301
"694",2009,43,28.336796460177,0.787716814159292,6.24169911504425
"695",2009,44,23.9874778761062,0.659053097345133,4.93924778761062
"696",2009,45,20.5444247787611,0.557884955752212,3.95120353982301
"697",2009,46,17.7106902654867,0.476026548672566,3.18814159292035
"698",2009,47,15.0628407079646,0.402008849557522,2.54911504424779
"699",2009,48,12.2892920353982,0.326787610619469,1.96791150442478
"700",2009,49,8.47871681415929,0.225238938053097,1.29005309734513
"701",2010,15,23.1145840707965,0.636185840707965,12.6034867256637
"702",2010,16,40.7475752212389,1.1349203539823,22.1493274336283
"703",2010,17,64.6901769911504,1.83251327433628,35.1950796460177
"704",2010,18,93.9267256637168,2.70195575221239,50.9953982300885
"705",2010,19,122.769362831858,3.56975221238938,66.0800088495575
"706",2010,20,148.880761061947,4.3630796460177,79.0096814159292
"707",2010,21,167.242353982301,4.92069911504425,86.8553628318584
"708",2010,22,177.513601769912,5.2312389380531,89.6888053097345
"709",2010,23,182.955389380531,5.39645132743363,89.6958053097345
"710",2010,24,184.562672566372,5.44777876106195,87.6961769911504
"711",2010,25,183.450380530973,5.41988495575221,84.4479115044248
"712",2010,26,180.044654867257,5.325,80.2901150442478
"713",2010,27,175.100884955752,5.185,75.6225840707965
"714",2010,28,168.878362831858,5.00646902654867,70.5889203539823
"715",2010,29,161.749752212389,4.79763716814159,65.3633274336283
"716",2010,30,153.709805309735,4.55736283185841,60.0256017699115
"717",2010,31,144.345566371681,4.2733982300885,54.4661681415929
"718",2010,32,133.819026548673,3.95046017699115,48.7403185840708
"719",2010,33,123.233168141593,3.6215221238938,43.2519911504425
"720",2010,34,112.800991150442,3.2941592920354,38.0676283185841
"721",2010,35,102.283486725664,2.96762831858407,33.1475398230088
"722",2010,36,91.6338230088496,2.64223008849558,28.4825309734513
"723",2010,37,80.9595221238938,2.32150442477876,24.1106460176991
"724",2010,38,70.3777876106195,2.00834513274336,20.0575044247788
"725",2010,39,60.3380442477876,1.71517699115044,16.439592920354
"726",2010,40,50.9458053097345,1.44425663716814,13.2644336283186
"727",2010,41,42.2400707964602,1.19277876106195,10.4679203539823
"728",2010,42,34.4247699115044,0.965884955752212,8.06920353982301
"729",2010,43,28.336796460177,0.787716814159292,6.24169911504425
"730",2010,44,23.9874778761062,0.659053097345133,4.93924778761062
"731",2010,45,20.5444247787611,0.557884955752212,3.95120353982301
"732",2010,46,17.7106902654867,0.476026548672566,3.18814159292035
"733",2010,47,15.0628407079646,0.402008849557522,2.54911504424779
"734",2010,48,12.2892920353982,0.326787610619469,1.96791150442478
"735",2010,49,8.47871681415929,0.225238938053097,1.29005309734513
"736",2011,15,23.1145840707965,0.636185840707965,12.6034867256637
"737",2011,16,40.7475752212389,1.1349203539823,22.1493274336283
"738",2011,17,64.6901769911504,1.83251327433628,35.1950796460177
"739",2011,18,93.9267256637168,2.70195575221239,50.9953982300885
"740",2011,19,122.769362831858,3.56975221238938,66.0800088495575
"741",2011,20,148.880761061947,4.3630796460177,79.0096814159292
"742",2011,21,167.242353982301,4.92069911504425,86.8553628318584
"743",2011,22,177.513601769912,5.2312389380531,89.6888053097345
"744",2011,23,182.955389380531,5.39645132743363,89.6958053097345
"745",2011,24,184.562672566372,5.44777876106195,87.6961769911504
"746",2011,25,183.450380530973,5.41988495575221,84.4479115044248
"747",2011,26,180.044654867257,5.325,80.2901150442478
"748",2011,27,175.100884955752,5.185,75.6225840707965
"749",2011,28,168.878362831858,5.00646902654867,70.5889203539823
"750",2011,29,161.749752212389,4.79763716814159,65.3633274336283
"751",2011,30,153.709805309735,4.55736283185841,60.0256017699115
"752",2011,31,144.345566371681,4.2733982300885,54.4661681415929
"753",2011,32,133.819026548673,3.95046017699115,48.7403185840708
"754",2011,33,123.233168141593,3.6215221238938,43.2519911504425
"755",2011,34,112.800991150442,3.2941592920354,38.0676283185841
"756",2011,35,102.283486725664,2.96762831858407,33.1475398230088
"757",2011,36,91.6338230088496,2.64223008849558,28.4825309734513
"758",2011,37,80.9595221238938,2.32150442477876,24.1106460176991
"759",2011,38,70.3777876106195,2.00834513274336,20.0575044247788
"760",2011,39,60.3380442477876,1.71517699115044,16.439592920354
"761",2011,40,50.9458053097345,1.44425663716814,13.2644336283186
"762",2011,41,42.2400707964602,1.19277876106195,10.4679203539823
"763",2011,42,34.4247699115044,0.965884955752212,8.06920353982301
"764",2011,43,28.336796460177,0.787716814159292,6.24169911504425
"765",2011,44,23.9874778761062,0.659053097345133,4.93924778761062
"766",2011,45,20.5444247787611,0.557884955752212,3.95120353982301
"767",2011,46,17.7106902654867,0.476026548672566,3.18814159292035
"768",2011,47,15.0628407079646,0.402008849557522,2.54911504424779
"769",2011,48,12.2892920353982,0.326787610619469,1.96791150442478
"770",2011,49,8.47871681415929,0.225238938053097,1.29005309734513
"771",2012,15,23.1145840707965,0.636185840707965,12.6034867256637
"772",2012,16,40.7475752212389,1.1349203539823,22.1493274336283
"773",2012,17,64.6901769911504,1.83251327433628,35.1950796460177
"774",2012,18,93.9267256637168,2.70195575221239,50.9953982300885
"775",2012,19,122.769362831858,3.56975221238938,66.0800088495575
"776",2012,20,148.880761061947,4.3630796460177,79.0096814159292
"777",2012,21,167.242353982301,4.92069911504425,86.8553628318584
"778",2012,22,177.513601769912,5.2312389380531,89.6888053097345
"779",2012,23,182.955389380531,5.39645132743363,89.6958053097345
"780",2012,24,184.562672566372,5.44777876106195,87.6961769911504
"781",2012,25,183.450380530973,5.41988495575221,84.4479115044248
"782",2012,26,180.044654867257,5.325,80.2901150442478
"783",2012,27,175.100884955752,5.185,75.6225840707965
"784",2012,28,168.878362831858,5.00646902654867,70.5889203539823
"785",2012,29,161.749752212389,4.79763716814159,65.3633274336283
"786",2012,30,153.709805309735,4.55736283185841,60.0256017699115
"787",2012,31,144.345566371681,4.2733982300885,54.4661681415929
"788",2012,32,133.819026548673,3.95046017699115,48.7403185840708
"789",2012,33,123.233168141593,3.6215221238938,43.2519911504425
"790",2012,34,112.800991150442,3.2941592920354,38.0676283185841
"791",2012,35,102.283486725664,2.96762831858407,33.1475398230088
"792",2012,36,91.6338230088496,2.64223008849558,28.4825309734513
"793",2012,37,80.9595221238938,2.32150442477876,24.1106460176991
"794",2012,38,70.3777876106195,2.00834513274336,20.0575044247788
"795",2012,39,60.3380442477876,1.71517699115044,16.439592920354
"796",2012,40,50.9458053097345,1.44425663716814,13.2644336283186
"797",2012,41,42.2400707964602,1.19277876106195,10.4679203539823
"798",2012,42,34.4247699115044,0.965884955752212,8.06920353982301
"799",2012,43,28.336796460177,0.787716814159292,6.24169911504425
"800",2012,44,23.9874778761062,0.659053097345133,4.93924778761062
"801",2012,45,20.5444247787611,0.557884955752212,3.95120353982301
"802",2012,46,17.7106902654867,0.476026548672566,3.18814159292035
"803",2012,47,15.0628407079646,0.402008849557522,2.54911504424779
"804",2012,48,12.2892920353982,0.326787610619469,1.96791150442478
"805",2012,49,8.47871681415929,0.225238938053097,1.29005309734513
"806",2013,15,23.1145840707965,0.636185840707965,12.6034867256637
"807",2013,16,40.7475752212389,1.1349203539823,22.1493274336283
"808",2013,17,64.6901769911504,1.83251327433628,35.1950796460177
"809",2013,18,93.9267256637168,2.70195575221239,50.9953982300885
"810",2013,19,122.769362831858,3.56975221238938,66.0800088495575
"811",2013,20,148.880761061947,4.3630796460177,79.0096814159292
"812",2013,21,167.242353982301,4.92069911504425,86.8553628318584
"813",2013,22,177.513601769912,5.2312389380531,89.6888053097345
"814",2013,23,182.955389380531,5.39645132743363,89.6958053097345
"815",2013,24,184.562672566372,5.44777876106195,87.6961769911504
"816",2013,25,183.450380530973,5.41988495575221,84.4479115044248
"817",2013,26,180.044654867257,5.325,80.2901150442478
"818",2013,27,175.100884955752,5.185,75.6225840707965
"819",2013,28,168.878362831858,5.00646902654867,70.5889203539823
"820",2013,29,161.749752212389,4.79763716814159,65.3633274336283
"821",2013,30,153.709805309735,4.55736283185841,60.0256017699115
"822",2013,31,144.345566371681,4.2733982300885,54.4661681415929
"823",2013,32,133.819026548673,3.95046017699115,48.7403185840708
"824",2013,33,123.233168141593,3.6215221238938,43.2519911504425
"825",2013,34,112.800991150442,3.2941592920354,38.0676283185841
"826",2013,35,102.283486725664,2.96762831858407,33.1475398230088
"827",2013,36,91.6338230088496,2.64223008849558,28.4825309734513
"828",2013,37,80.9595221238938,2.32150442477876,24.1106460176991
"829",2013,38,70.3777876106195,2.00834513274336,20.0575044247788
"830",2013,39,60.3380442477876,1.71517699115044,16.439592920354
"831",2013,40,50.9458053097345,1.44425663716814,13.2644336283186
"832",2013,41,42.2400707964602,1.19277876106195,10.4679203539823
"833",2013,42,34.4247699115044,0.965884955752212,8.06920353982301
"834",2013,43,28.336796460177,0.787716814159292,6.24169911504425
"835",2013,44,23.9874778761062,0.659053097345133,4.93924778761062
"836",2013,45,20.5444247787611,0.557884955752212,3.95120353982301
"837",2013,46,17.7106902654867,0.476026548672566,3.18814159292035
"838",2013,47,15.0628407079646,0.402008849557522,2.54911504424779
"839",2013,48,12.2892920353982,0.326787610619469,1.96791150442478
"840",2013,49,8.47871681415929,0.225238938053097,1.29005309734513
"841",2014,15,23.1145840707965,0.636185840707965,12.6034867256637
"842",2014,16,40.7475752212389,1.1349203539823,22.1493274336283
"843",2014,17,64.6901769911504,1.83251327433628,35.1950796460177
"844",2014,18,93.9267256637168,2.70195575221239,50.9953982300885
"845",2014,19,122.769362831858,3.56975221238938,66.0800088495575
"846",2014,20,148.880761061947,4.3630796460177,79.0096814159292
"847",2014,21,167.242353982301,4.92069911504425,86.8553628318584
"848",2014,22,177.513601769912,5.2312389380531,89.6888053097345
"849",2014,23,182.955389380531,5.39645132743363,89.6958053097345
"850",2014,24,184.562672566372,5.44777876106195,87.6961769911504
"851",2014,25,183.450380530973,5.41988495575221,84.4479115044248
"852",2014,26,180.044654867257,5.325,80.2901150442478
"853",2014,27,175.100884955752,5.185,75.6225840707965
"854",2014,28,168.878362831858,5.00646902654867,70.5889203539823
"855",2014,29,161.749752212389,4.79763716814159,65.3633274336283
"856",2014,30,153.709805309735,4.55736283185841,60.0256017699115
"857",2014,31,144.345566371681,4.2733982300885,54.4661681415929
"858",2014,32,133.819026548673,3.95046017699115,48.7403185840708
"859",2014,33,123.233168141593,3.6215221238938,43.2519911504425
"860",2014,34,112.800991150442,3.2941592920354,38.0676283185841
"861",2014,35,102.283486725664,2.96762831858407,33.1475398230088
"862",2014,36,91.6338230088496,2.64223008849558,28.4825309734513
"863",2014,37,80.9595221238938,2.32150442477876,24.1106460176991
"864",2014,38,70.3777876106195,2.00834513274336,20.0575044247788
"865",2014,39,60.3380442477876,1.71517699115044,16.439592920354
"866",2014,40,50.9458053097345,1.44425663716814,13.2644336283186
"867",2014,41,42.2400707964602,1.19277876106195,10.4679203539823
"868",2014,42,34.4247699115044,0.965884955752212,8.06920353982301
"869",2014,43,28.336796460177,0.787716814159292,6.24169911504425
"870",2014,44,23.9874778761062,0.659053097345133,4.93924778761062
"871",2014,45,20.5444247787611,0.557884955752212,3.95120353982301
"872",2014,46,17.7106902654867,0.476026548672566,3.18814159292035
"873",2014,47,15.0628407079646,0.402008849557522,2.54911504424779
"874",2014,48,12.2892920353982,0.326787610619469,1.96791150442478
"875",2014,49,8.47871681415929,0.225238938053097,1.29005309734513
"876",2015,15,23.1145840707965,0.636185840707965,12.6034867256637
"877",2015,16,40.7475752212389,1.1349203539823,22.1493274336283
"878",2015,17,64.6901769911504,1.83251327433628,35.1950796460177
"879",2015,18,93.9267256637168,2.70195575221239,50.9953982300885
"880",2015,19,122.769362831858,3.56975221238938,66.0800088495575
"881",2015,20,148.880761061947,4.3630796460177,79.0096814159292
"882",2015,21,167.242353982301,4.92069911504425,86.8553628318584
"883",2015,22,177.513601769912,5.2312389380531,89.6888053097345
"884",2015,23,182.955389380531,5.39645132743363,89.6958053097345
"885",2015,24,184.562672566372,5.44777876106195,87.6961769911504
"886",2015,25,183.450380530973,5.41988495575221,84.4479115044248
"887",2015,26,180.044654867257,5.325,80.2901150442478
"888",2015,27,175.100884955752,5.185,75.6225840707965
"889",2015,28,168.878362831858,5.00646902654867,70.5889203539823
"890",2015,29,161.749752212389,4.79763716814159,65.3633274336283
"891",2015,30,153.709805309735,4.55736283185841,60.0256017699115
"892",2015,31,144.345566371681,4.2733982300885,54.4661681415929
"893",2015,32,133.819026548673,3.95046017699115,48.7403185840708
"894",2015,33,123.233168141593,3.6215221238938,43.2519911504425
"895",2015,34,112.800991150442,3.2941592920354,38.0676283185841
"896",2015,35,102.283486725664,2.96762831858407,33.1475398230088
"897",2015,36,91.6338230088496,2.64223008849558,28.4825309734513
"898",2015,37,80.9595221238938,2.32150442477876,24.1106460176991
"899",2015,38,70.3777876106195,2.00834513274336,20.0575044247788
"900",2015,39,60.3380442477876,1.71517699115044,16.439592920354
"901",2015,40,50.9458053097345,1.44425663716814,13.2644336283186
"902",2015,41,42.2400707964602,1.19277876106195,10.4679203539823
"903",2015,42,34.4247699115044,0.965884955752212,8.06920353982301
"904",2015,43,28.336796460177,0.787716814159292,6.24169911504425
"905",2015,44,23.9874778761062,0.659053097345133,4.93924778761062
"906",2015,45,20.5444247787611,0.557884955752212,3.95120353982301
"907",2015,46,17.7106902654867,0.476026548672566,3.18814159292035
"908",2015,47,15.0628407079646,0.402008849557522,2.54911504424779
"909",2015,48,12.2892920353982,0.326787610619469,1.96791150442478
"910",2015,49,8.47871681415929,0.225238938053097,1.29005309734513
"911",2016,15,23.1145840707965,0.636185840707965,12.6034867256637
"912",2016,16,40.7475752212389,1.1349203539823,22.1493274336283
"913",2016,17,64.6901769911504,1.83251327433628,35.1950796460177
"914",2016,18,93.9267256637168,2.70195575221239,50.9953982300885
"915",2016,19,122.769362831858,3.56975221238938,66.0800088495575
"916",2016,20,148.880761061947,4.3630796460177,79.0096814159292
"917",2016,21,167.242353982301,4.92069911504425,86.8553628318584
"918",2016,22,177.513601769912,5.2312389380531,89.6888053097345
"919",2016,23,182.955389380531,5.39645132743363,89.6958053097345
"920",2016,24,184.562672566372,5.44777876106195,87.6961769911504
"921",2016,25,183.450380530973,5.41988495575221,84.4479115044248
"922",2016,26,180.044654867257,5.325,80.2901150442478
"923",2016,27,175.100884955752,5.185,75.6225840707965
"924",2016,28,168.878362831858,5.00646902654867,70.5889203539823
"925",2016,29,161.749752212389,4.79763716814159,65.3633274336283
"926",2016,30,153.709805309735,4.55736283185841,60.0256017699115
"927",2016,31,144.345566371681,4.2733982300885,54.4661681415929
"928",2016,32,133.819026548673,3.95046017699115,48.7403185840708
"929",2016,33,123.233168141593,3.6215221238938,43.2519911504425
"930",2016,34,112.800991150442,3.2941592920354,38.0676283185841
"931",2016,35,102.283486725664,2.96762831858407,33.1475398230088
"932",2016,36,91.6338230088496,2.64223008849558,28.4825309734513
"933",2016,37,80.9595221238938,2.32150442477876,24.1106460176991
"934",2016,38,70.3777876106195,2.00834513274336,20.0575044247788
"935",2016,39,60.3380442477876,1.71517699115044,16.439592920354
"936",2016,40,50.9458053097345,1.44425663716814,13.2644336283186
"937",2016,41,42.2400707964602,1.19277876106195,10.4679203539823
"938",2016,42,34.4247699115044,0.965884955752212,8.06920353982301
"939",2016,43,28.336796460177,0.787716814159292,6.24169911504425
"940",2016,44,23.9874778761062,0.659053097345133,4.93924778761062
"941",2016,45,20.5444247787611,0.557884955752212,3.95120353982301
"942",2016,46,17.7106902654867,0.476026548672566,3.18814159292035
"943",2016,47,15.0628407079646,0.402008849557522,2.54911504424779
"944",2016,48,12.2892920353982,0.326787610619469,1.96791150442478
"945",2016,49,8.47871681415929,0.225238938053097,1.29005309734513
"946",2017,15,23.1145840707965,0.636185840707965,12.6034867256637
"947",2017,16,40.7475752212389,1.1349203539823,22.1493274336283
"948",2017,17,64.6901769911504,1.83251327433628,35.1950796460177
"949",2017,18,93.9267256637168,2.70195575221239,50.9953982300885
"950",2017,19,122.769362831858,3.56975221238938,66.0800088495575
"951",2017,20,148.880761061947,4.3630796460177,79.0096814159292
"952",2017,21,167.242353982301,4.92069911504425,86.8553628318584
"953",2017,22,177.513601769912,5.2312389380531,89.6888053097345
"954",2017,23,182.955389380531,5.39645132743363,89.6958053097345
"955",2017,24,184.562672566372,5.44777876106195,87.6961769911504
"956",2017,25,183.450380530973,5.41988495575221,84.4479115044248
"957",2017,26,180.044654867257,5.325,80.2901150442478
"958",2017,27,175.100884955752,5.185,75.6225840707965
"959",2017,28,168.878362831858,5.00646902654867,70.5889203539823
"960",2017,29,161.749752212389,4.79763716814159,65.3633274336283
"961",2017,30,153.709805309735,4.55736283185841,60.0256017699115
"962",2017,31,144.345566371681,4.2733982300885,54.4661681415929
"963",2017,32,133.819026548673,3.95046017699115,48.7403185840708
"964",2017,33,123.233168141593,3.6215221238938,43.2519911504425
"965",2017,34,112.800991150442,3.2941592920354,38.0676283185841
"966",2017,35,102.283486725664,2.96762831858407,33.1475398230088
"967",2017,36,91.6338230088496,2.64223008849558,28.4825309734513
"968",2017,37,80.9595221238938,2.32150442477876,24.1106460176991
"969",2017,38,70.3777876106195,2.00834513274336,20.0575044247788
"970",2017,39,60.3380442477876,1.71517699115044,16.439592920354
"971",2017,40,50.9458053097345,1.44425663716814,13.2644336283186
"972",2017,41,42.2400707964602,1.19277876106195,10.4679203539823
"973",2017,42,34.4247699115044,0.965884955752212,8.06920353982301
"974",2017,43,28.336796460177,0.787716814159292,6.24169911504425
"975",2017,44,23.9874778761062,0.659053097345133,4.93924778761062
"976",2017,45,20.5444247787611,0.557884955752212,3.95120353982301
"977",2017,46,17.7106902654867,0.476026548672566,3.18814159292035
"978",2017,47,15.0628407079646,0.402008849557522,2.54911504424779
"979",2017,48,12.2892920353982,0.326787610619469,1.96791150442478
"980",2017,49,8.47871681415929,0.225238938053097,1.29005309734513
"981",2018,15,23.1145840707965,0.636185840707965,12.6034867256637
"982",2018,16,40.7475752212389,1.1349203539823,22.1493274336283
"983",2018,17,64.6901769911504,1.83251327433628,35.1950796460177
"984",2018,18,93.9267256637168,2.70195575221239,50.9953982300885
"985",2018,19,122.769362831858,3.56975221238938,66.0800088495575
"986",2018,20,148.880761061947,4.3630796460177,79.0096814159292
"987",2018,21,167.242353982301,4.92069911504425,86.8553628318584
"988",2018,22,177.513601769912,5.2312389380531,89.6888053097345
"989",2018,23,182.955389380531,5.39645132743363,89.6958053097345
"990",2018,24,184.562672566372,5.44777876106195,87.6961769911504
"991",2018,25,183.450380530973,5.41988495575221,84.4479115044248
"992",2018,26,180.044654867257,5.325,80.2901150442478
"993",2018,27,175.100884955752,5.185,75.6225840707965
"994",2018,28,168.878362831858,5.00646902654867,70.5889203539823
"995",2018,29,161.749752212389,4.79763716814159,65.3633274336283
"996",2018,30,153.709805309735,4.55736283185841,60.0256017699115
"997",2018,31,144.345566371681,4.2733982300885,54.4661681415929
"998",2018,32,133.819026548673,3.95046017699115,48.7403185840708
"999",2018,33,123.233168141593,3.6215221238938,43.2519911504425
"1000",2018,34,112.800991150442,3.2941592920354,38.0676283185841
"1001",2018,35,102.283486725664,2.96762831858407,33.1475398230088
"1002",2018,36,91.6338230088496,2.64223008849558,28.4825309734513
"1003",2018,37,80.9595221238938,2.32150442477876,24.1106460176991
"1004",2018,38,70.3777876106195,2.00834513274336,20.0575044247788
"1005",2018,39,60.3380442477876,1.71517699115044,16.439592920354
"1006",2018,40,50.9458053097345,1.44425663716814,13.2644336283186
"1007",2018,41,42.2400707964602,1.19277876106195,10.4679203539823
"1008",2018,42,34.4247699115044,0.965884955752212,8.06920353982301
"1009",2018,43,28.336796460177,0.787716814159292,6.24169911504425
"1010",2018,44,23.9874778761062,0.659053097345133,4.93924778761062
"1011",2018,45,20.5444247787611,0.557884955752212,3.95120353982301
"1012",2018,46,17.7106902654867,0.476026548672566,3.18814159292035
"1013",2018,47,15.0628407079646,0.402008849557522,2.54911504424779
"1014",2018,48,12.2892920353982,0.326787610619469,1.96791150442478
"1015",2018,49,8.47871681415929,0.225238938053097,1.29005309734513
"1016",2019,15,23.1145840707965,0.636185840707965,12.6034867256637
"1017",2019,16,40.7475752212389,1.1349203539823,22.1493274336283
"1018",2019,17,64.6901769911504,1.83251327433628,35.1950796460177
"1019",2019,18,93.9267256637168,2.70195575221239,50.9953982300885
"1020",2019,19,122.769362831858,3.56975221238938,66.0800088495575
"1021",2019,20,148.880761061947,4.3630796460177,79.0096814159292
"1022",2019,21,167.242353982301,4.92069911504425,86.8553628318584
"1023",2019,22,177.513601769912,5.2312389380531,89.6888053097345
"1024",2019,23,182.955389380531,5.39645132743363,89.6958053097345
"1025",2019,24,184.562672566372,5.44777876106195,87.6961769911504
"1026",2019,25,183.450380530973,5.41988495575221,84.4479115044248
"1027",2019,26,180.044654867257,5.325,80.2901150442478
"1028",2019,27,175.100884955752,5.185,75.6225840707965
"1029",2019,28,168.878362831858,5.00646902654867,70.5889203539823
"1030",2019,29,161.749752212389,4.79763716814159,65.3633274336283
"1031",2019,30,153.709805309735,4.55736283185841,60.0256017699115
"1032",2019,31,144.345566371681,4.2733982300885,54.4661681415929
"1033",2019,32,133.819026548673,3.95046017699115,48.7403185840708
"1034",2019,33,123.233168141593,3.6215221238938,43.2519911504425
"1035",2019,34,112.800991150442,3.2941592920354,38.0676283185841
"1036",2019,35,102.283486725664,2.96762831858407,33.1475398230088
"1037",2019,36,91.6338230088496,2.64223008849558,28.4825309734513
"1038",2019,37,80.9595221238938,2.32150442477876,24.1106460176991
"1039",2019,38,70.3777876106195,2.00834513274336,20.0575044247788
"1040",2019,39,60.3380442477876,1.71517699115044,16.439592920354
"1041",2019,40,50.9458053097345,1.44425663716814,13.2644336283186
"1042",2019,41,42.2400707964602,1.19277876106195,10.4679203539823
"1043",2019,42,34.4247699115044,0.965884955752212,8.06920353982301
"1044",2019,43,28.336796460177,0.787716814159292,6.24169911504425
"1045",2019,44,23.9874778761062,0.659053097345133,4.93924778761062
"1046",2019,45,20.5444247787611,0.557884955752212,3.95120353982301
"1047",2019,46,17.7106902654867,0.476026548672566,3.18814159292035
"1048",2019,47,15.0628407079646,0.402008849557522,2.54911504424779
"1049",2019,48,12.2892920353982,0.326787610619469,1.96791150442478
"1050",2019,49,8.47871681415929,0.225238938053097,1.29005309734513
"1051",2020,15,23.1145840707965,0.636185840707965,12.6034867256637
"1052",2020,16,40.7475752212389,1.1349203539823,22.1493274336283
"1053",2020,17,64.6901769911504,1.83251327433628,35.1950796460177
"1054",2020,18,93.9267256637168,2.70195575221239,50.9953982300885
"1055",2020,19,122.769362831858,3.56975221238938,66.0800088495575
"1056",2020,20,148.880761061947,4.3630796460177,79.0096814159292
"1057",2020,21,167.242353982301,4.92069911504425,86.8553628318584
"1058",2020,22,177.513601769912,5.2312389380531,89.6888053097345
"1059",2020,23,182.955389380531,5.39645132743363,89.6958053097345
"1060",2020,24,184.562672566372,5.44777876106195,87.6961769911504
"1061",2020,25,183.450380530973,5.41988495575221,84.4479115044248
"1062",2020,26,180.044654867257,5.325,80.2901150442478
"1063",2020,27,175.100884955752,5.185,75.6225840707965
"1064",2020,28,168.878362831858,5.00646902654867,70.5889203539823
"1065",2020,29,161.749752212389,4.79763716814159,65.3633274336283
"1066",2020,30,153.709805309735,4.55736283185841,60.0256017699115
"1067",2020,31,144.345566371681,4.2733982300885,54.4661681415929
"1068",2020,32,133.819026548673,3.95046017699115,48.7403185840708
"1069",2020,33,123.233168141593,3.6215221238938,43.2519911504425
"1070",2020,34,112.800991150442,3.2941592920354,38.0676283185841
"1071",2020,35,102.283486725664,2.96762831858407,33.1475398230088
"1072",2020,36,91.6338230088496,2.64223008849558,28.4825309734513
"1073",2020,37,80.9595221238938,2.32150442477876,24.1106460176991
"1074",2020,38,70.3777876106195,2.00834513274336,20.0575044247788
"1075",2020,39,60.3380442477876,1.71517699115044,16.439592920354
"1076",2020,40,50.9458053097345,1.44425663716814,13.2644336283186
"1077",2020,41,42.2400707964602,1.19277876106195,10.4679203539823
"1078",2020,42,34.4247699115044,0.965884955752212,8.06920353982301
"1079",2020,43,28.336796460177,0.787716814159292,6.24169911504425
"1080",2020,44,23.9874778761062,0.659053097345133,4.93924778761062
"1081",2020,45,20.5444247787611,0.557884955752212,3.95120353982301
"1082",2020,46,17.7106902654867,0.476026548672566,3.18814159292035
"1083",2020,47,15.0628407079646,0.402008849557522,2.54911504424779
"1084",2020,48,12.2892920353982,0.326787610619469,1.96791150442478
"1085",2020,49,8.47871681415929,0.225238938053097,1.29005309734513
"1086",2021,15,23.1145840707965,0.636185840707965,12.6034867256637
"1087",2021,16,40.7475752212389,1.1349203539823,22.1493274336283
"1088",2021,17,64.6901769911504,1.83251327433628,35.1950796460177
"1089",2021,18,93.9267256637168,2.70195575221239,50.9953982300885
"1090",2021,19,122.769362831858,3.56975221238938,66.0800088495575
"1091",2021,20,148.880761061947,4.3630796460177,79.0096814159292
"1092",2021,21,167.242353982301,4.92069911504425,86.8553628318584
"1093",2021,22,177.513601769912,5.2312389380531,89.6888053097345
"1094",2021,23,182.955389380531,5.39645132743363,89.6958053097345
"1095",2021,24,184.562672566372,5.44777876106195,87.6961769911504
"1096",2021,25,183.450380530973,5.41988495575221,84.4479115044248
"1097",2021,26,180.044654867257,5.325,80.2901150442478
"1098",2021,27,175.100884955752,5.185,75.6225840707965
"1099",2021,28,168.878362831858,5.00646902654867,70.5889203539823
"1100",2021,29,161.749752212389,4.79763716814159,65.3633274336283
"1101",2021,30,153.709805309735,4.55736283185841,60.0256017699115
"1102",2021,31,144.345566371681,4.2733982300885,54.4661681415929
"1103",2021,32,133.819026548673,3.95046017699115,48.7403185840708
"1104",2021,33,123.233168141593,3.6215221238938,43.2519911504425
"1105",2021,34,112.800991150442,3.2941592920354,38.0676283185841
"1106",2021,35,102.283486725664,2.96762831858407,33.1475398230088
"1107",2021,36,91.6338230088496,2.64223008849558,28.4825309734513
"1108",2021,37,80.9595221238938,2.32150442477876,24.1106460176991
"1109",2021,38,70.3777876106195,2.00834513274336,20.0575044247788
"1110",2021,39,60.3380442477876,1.71517699115044,16.439592920354
"1111",2021,40,50.9458053097345,1.44425663716814,13.2644336283186
"1112",2021,41,42.2400707964602,1.19277876106195,10.4679203539823
"1113",2021,42,34.4247699115044,0.965884955752212,8.06920353982301
"1114",2021,43,28.336796460177,0.787716814159292,6.24169911504425
"1115",2021,44,23.9874778761062,0.659053097345133,4.93924778761062
"1116",2021,45,20.5444247787611,0.557884955752212,3.95120353982301
"1117",2021,46,17.7106902654867,0.476026548672566,3.18814159292035
"1118",2021,47,15.0628407079646,0.402008849557522,2.54911504424779
"1119",2021,48,12.2892920353982,0.326787610619469,1.96791150442478
"1120",2021,49,8.47871681415929,0.225238938053097,1.29005309734513
"1121",2022,15,23.1145840707965,0.636185840707965,12.6034867256637
"1122",2022,16,40.7475752212389,1.1349203539823,22.1493274336283
"1123",2022,17,64.6901769911504,1.83251327433628,35.1950796460177
"1124",2022,18,93.9267256637168,2.70195575221239,50.9953982300885
"1125",2022,19,122.769362831858,3.56975221238938,66.0800088495575
"1126",2022,20,148.880761061947,4.3630796460177,79.0096814159292
"1127",2022,21,167.242353982301,4.92069911504425,86.8553628318584
"1128",2022,22,177.513601769912,5.2312389380531,89.6888053097345
"1129",2022,23,182.955389380531,5.39645132743363,89.6958053097345
"1130",2022,24,184.562672566372,5.44777876106195,87.6961769911504
"1131",2022,25,183.450380530973,5.41988495575221,84.4479115044248
"1132",2022,26,180.044654867257,5.325,80.2901150442478
"1133",2022,27,175.100884955752,5.185,75.6225840707965
"1134",2022,28,168.878362831858,5.00646902654867,70.5889203539823
"1135",2022,29,161.749752212389,4.79763716814159,65.3633274336283
"1136",2022,30,153.709805309735,4.55736283185841,60.0256017699115
"1137",2022,31,144.345566371681,4.2733982300885,54.4661681415929
"1138",2022,32,133.819026548673,3.95046017699115,48.7403185840708
"1139",2022,33,123.233168141593,3.6215221238938,43.2519911504425
"1140",2022,34,112.800991150442,3.2941592920354,38.0676283185841
"1141",2022,35,102.283486725664,2.96762831858407,33.1475398230088
"1142",2022,36,91.6338230088496,2.64223008849558,28.4825309734513
"1143",2022,37,80.9595221238938,2.32150442477876,24.1106460176991
"1144",2022,38,70.3777876106195,2.00834513274336,20.0575044247788
"1145",2022,39,60.3380442477876,1.71517699115044,16.439592920354
"1146",2022,40,50.9458053097345,1.44425663716814,13.2644336283186
"1147",2022,41,42.2400707964602,1.19277876106195,10.4679203539823
"1148",2022,42,34.4247699115044,0.965884955752212,8.06920353982301
"1149",2022,43,28.336796460177,0.787716814159292,6.24169911504425
"1150",2022,44,23.9874778761062,0.659053097345133,4.93924778761062
"1151",2022,45,20.5444247787611,0.557884955752212,3.95120353982301
"1152",2022,46,17.7106902654867,0.476026548672566,3.18814159292035
"1153",2022,47,15.0628407079646,0.402008849557522,2.54911504424779
"1154",2022,48,12.2892920353982,0.326787610619469,1.96791150442478
"1155",2022,49,8.47871681415929,0.225238938053097,1.29005309734513
"1156",2023,15,23.1145840707965,0.636185840707965,12.6034867256637
"1157",2023,16,40.7475752212389,1.1349203539823,22.1493274336283
"1158",2023,17,64.6901769911504,1.83251327433628,35.1950796460177
"1159",2023,18,93.9267256637168,2.70195575221239,50.9953982300885
"1160",2023,19,122.769362831858,3.56975221238938,66.0800088495575
"1161",2023,20,148.880761061947,4.3630796460177,79.0096814159292
"1162",2023,21,167.242353982301,4.92069911504425,86.8553628318584
"1163",2023,22,177.513601769912,5.2312389380531,89.6888053097345
"1164",2023,23,182.955389380531,5.39645132743363,89.6958053097345
"1165",2023,24,184.562672566372,5.44777876106195,87.6961769911504
"1166",2023,25,183.450380530973,5.41988495575221,84.4479115044248
"1167",2023,26,180.044654867257,5.325,80.2901150442478
"1168",2023,27,175.100884955752,5.185,75.6225840707965
"1169",2023,28,168.878362831858,5.00646902654867,70.5889203539823
"1170",2023,29,161.749752212389,4.79763716814159,65.3633274336283
"1171",2023,30,153.709805309735,4.55736283185841,60.0256017699115
"1172",2023,31,144.345566371681,4.2733982300885,54.4661681415929
"1173",2023,32,133.819026548673,3.95046017699115,48.7403185840708
"1174",2023,33,123.233168141593,3.6215221238938,43.2519911504425
"1175",2023,34,112.800991150442,3.2941592920354,38.0676283185841
"1176",2023,35,102.283486725664,2.96762831858407,33.1475398230088
"1177",2023,36,91.6338230088496,2.64223008849558,28.4825309734513
"1178",2023,37,80.9595221238938,2.32150442477876,24.1106460176991
"1179",2023,38,70.3777876106195,2.00834513274336,20.0575044247788
"1180",2023,39,60.3380442477876,1.71517699115044,16.439592920354
"1181",2023,40,50.9458053097345,1.44425663716814,13.2644336283186
"1182",2023,41,42.2400707964602,1.19277876106195,10.4679203539823
"1183",2023,42,34.4247699115044,0.965884955752212,8.06920353982301
"1184",2023,43,28.336796460177,0.787716814159292,6.24169911504425
"1185",2023,44,23.9874778761062,0.659053097345133,4.93924778761062
"1186",2023,45,20.5444247787611,0.557884955752212,3.95120353982301
"1187",2023,46,17.7106902654867,0.476026548672566,3.18814159292035
"1188",2023,47,15.0628407079646,0.402008849557522,2.54911504424779
"1189",2023,48,12.2892920353982,0.326787610619469,1.96791150442478
"1190",2023,49,8.47871681415929,0.225238938053097,1.29005309734513
"1191",2024,15,23.1145840707965,0.636185840707965,12.6034867256637
"1192",2024,16,40.7475752212389,1.1349203539823,22.1493274336283
"1193",2024,17,64.6901769911504,1.83251327433628,35.1950796460177
"1194",2024,18,93.9267256637168,2.70195575221239,50.9953982300885
"1195",2024,19,122.769362831858,3.56975221238938,66.0800088495575
"1196",2024,20,148.880761061947,4.3630796460177,79.0096814159292
"1197",2024,21,167.242353982301,4.92069911504425,86.8553628318584
"1198",2024,22,177.513601769912,5.2312389380531,89.6888053097345
"1199",2024,23,182.955389380531,5.39645132743363,89.6958053097345
"1200",2024,24,184.562672566372,5.44777876106195,87.6961769911504
"1201",2024,25,183.450380530973,5.41988495575221,84.4479115044248
"1202",2024,26,180.044654867257,5.325,80.2901150442478
"1203",2024,27,175.100884955752,5.185,75.6225840707965
"1204",2024,28,168.878362831858,5.00646902654867,70.5889203539823
"1205",2024,29,161.749752212389,4.79763716814159,65.3633274336283
"1206",2024,30,153.709805309735,4.55736283185841,60.0256017699115
"1207",2024,31,144.345566371681,4.2733982300885,54.4661681415929
"1208",2024,32,133.819026548673,3.95046017699115,48.7403185840708
"1209",2024,33,123.233168141593,3.6215221238938,43.2519911504425
"1210",2024,34,112.800991150442,3.2941592920354,38.0676283185841
"1211",2024,35,102.283486725664,2.96762831858407,33.1475398230088
"1212",2024,36,91.6338230088496,2.64223008849558,28.4825309734513
"1213",2024,37,80.9595221238938,2.32150442477876,24.1106460176991
"1214",2024,38,70.3777876106195,2.00834513274336,20.0575044247788
"1215",2024,39,60.3380442477876,1.71517699115044,16.439592920354
"1216",2024,40,50.9458053097345,1.44425663716814,13.2644336283186
"1217",2024,41,42.2400707964602,1.19277876106195,10.4679203539823
"1218",2024,42,34.4247699115044,0.965884955752212,8.06920353982301
"1219",2024,43,28.336796460177,0.787716814159292,6.24169911504425
"1220",2024,44,23.9874778761062,0.659053097345133,4.93924778761062
"1221",2024,45,20.5444247787611,0.557884955752212,3.95120353982301
"1222",2024,46,17.7106902654867,0.476026548672566,3.18814159292035
"1223",2024,47,15.0628407079646,0.402008849557522,2.54911504424779
"1224",2024,48,12.2892920353982,0.326787610619469,1.96791150442478
"1225",2024,49,8.47871681415929,0.225238938053097,1.29005309734513
"1226",2025,15,23.1145840707965,0.636185840707965,12.6034867256637
"1227",2025,16,40.7475752212389,1.1349203539823,22.1493274336283
"1228",2025,17,64.6901769911504,1.83251327433628,35.1950796460177
"1229",2025,18,93.9267256637168,2.70195575221239,50.9953982300885
"1230",2025,19,122.769362831858,3.56975221238938,66.0800088495575
"1231",2025,20,148.880761061947,4.3630796460177,79.0096814159292
"1232",2025,21,167.242353982301,4.92069911504425,86.8553628318584
"1233",2025,22,177.513601769912,5.2312389380531,89.6888053097345
"1234",2025,23,182.955389380531,5.39645132743363,89.6958053097345
"1235",2025,24,184.562672566372,5.44777876106195,87.6961769911504
"1236",2025,25,183.450380530973,5.41988495575221,84.4479115044248
"1237",2025,26,180.044654867257,5.325,80.2901150442478
"1238",2025,27,175.100884955752,5.185,75.6225840707965
"1239",2025,28,168.878362831858,5.00646902654867,70.5889203539823
"1240",2025,29,161.749752212389,4.79763716814159,65.3633274336283
"1241",2025,30,153.709805309735,4.55736283185841,60.0256017699115
"1242",2025,31,144.345566371681,4.2733982300885,54.4661681415929
"1243",2025,32,133.819026548673,3.95046017699115,48.7403185840708
"1244",2025,33,123.233168141593,3.6215221238938,43.2519911504425
"1245",2025,34,112.800991150442,3.2941592920354,38.0676283185841
"1246",2025,35,102.283486725664,2.96762831858407,33.1475398230088
"1247",2025,36,91.6338230088496,2.64223008849558,28.4825309734513
"1248",2025,37,80.9595221238938,2.32150442477876,24.1106460176991
"1249",2025,38,70.3777876106195,2.00834513274336,20.0575044247788
"1250",2025,39,60.3380442477876,1.71517699115044,16.439592920354
"1251",2025,40,50.9458053097345,1.44425663716814,13.2644336283186
"1252",2025,41,42.2400707964602,1.19277876106195,10.4679203539823
"1253",2025,42,34.4247699115044,0.965884955752212,8.06920353982301
"1254",2025,43,28.336796460177,0.787716814159292,6.24169911504425
"1255",2025,44,23.9874778761062,0.659053097345133,4.93924778761062
"1256",2025,45,20.5444247787611,0.557884955752212,3.95120353982301
"1257",2025,46,17.7106902654867,0.476026548672566,3.18814159292035
"1258",2025,47,15.0628407079646,0.402008849557522,2.54911504424779
"1259",2025,48,12.2892920353982,0.326787610619469,1.96791150442478
"1260",2025,49,8.47871681415929,0.225238938053097,1.29005309734513
"1261",2026,15,23.1145840707965,0.636185840707965,12.6034867256637
"1262",2026,16,40.7475752212389,1.1349203539823,22.1493274336283
"1263",2026,17,64.6901769911504,1.83251327433628,35.1950796460177
"1264",2026,18,93.9267256637168,2.70195575221239,50.9953982300885
"1265",2026,19,122.769362831858,3.56975221238938,66.0800088495575
"1266",2026,20,148.880761061947,4.3630796460177,79.0096814159292
"1267",2026,21,167.242353982301,4.92069911504425,86.8553628318584
"1268",2026,22,177.513601769912,5.2312389380531,89.6888053097345
"1269",2026,23,182.955389380531,5.39645132743363,89.6958053097345
"1270",2026,24,184.562672566372,5.44777876106195,87.6961769911504
"1271",2026,25,183.450380530973,5.41988495575221,84.4479115044248
"1272",2026,26,180.044654867257,5.325,80.2901150442478
"1273",2026,27,175.100884955752,5.185,75.6225840707965
"1274",2026,28,168.878362831858,5.00646902654867,70.5889203539823
"1275",2026,29,161.749752212389,4.79763716814159,65.3633274336283
"1276",2026,30,153.709805309735,4.55736283185841,60.0256017699115
"1277",2026,31,144.345566371681,4.2733982300885,54.4661681415929
"1278",2026,32,133.819026548673,3.95046017699115,48.7403185840708
"1279",2026,33,123.233168141593,3.6215221238938,43.2519911504425
"1280",2026,34,112.800991150442,3.2941592920354,38.0676283185841
"1281",2026,35,102.283486725664,2.96762831858407,33.1475398230088
"1282",2026,36,91.6338230088496,2.64223008849558,28.4825309734513
"1283",2026,37,80.9595221238938,2.32150442477876,24.1106460176991
"1284",2026,38,70.3777876106195,2.00834513274336,20.0575044247788
"1285",2026,39,60.3380442477876,1.71517699115044,16.439592920354
"1286",2026,40,50.9458053097345,1.44425663716814,13.2644336283186
"1287",2026,41,42.2400707964602,1.19277876106195,10.4679203539823
"1288",2026,42,34.4247699115044,0.965884955752212,8.06920353982301
"1289",2026,43,28.336796460177,0.787716814159292,6.24169911504425
"1290",2026,44,23.9874778761062,0.659053097345133,4.93924778761062
"1291",2026,45,20.5444247787611,0.557884955752212,3.95120353982301
"1292",2026,46,17.7106902654867,0.476026548672566,3.18814159292035
"1293",2026,47,15.0628407079646,0.402008849557522,2.54911504424779
"1294",2026,48,12.2892920353982,0.326787610619469,1.96791150442478
"1295",2026,49,8.47871681415929,0.225238938053097,1.29005309734513
"1296",2027,15,23.1145840707965,0.636185840707965,12.6034867256637
"1297",2027,16,40.7475752212389,1.1349203539823,22.1493274336283
"1298",2027,17,64.6901769911504,1.83251327433628,35.1950796460177
"1299",2027,18,93.9267256637168,2.70195575221239,50.9953982300885
"1300",2027,19,122.769362831858,3.56975221238938,66.0800088495575
"1301",2027,20,148.880761061947,4.3630796460177,79.0096814159292
"1302",2027,21,167.242353982301,4.92069911504425,86.8553628318584
"1303",2027,22,177.513601769912,5.2312389380531,89.6888053097345
"1304",2027,23,182.955389380531,5.39645132743363,89.6958053097345
"1305",2027,24,184.562672566372,5.44777876106195,87.6961769911504
"1306",2027,25,183.450380530973,5.41988495575221,84.4479115044248
"1307",2027,26,180.044654867257,5.325,80.2901150442478
"1308",2027,27,175.100884955752,5.185,75.6225840707965
"1309",2027,28,168.878362831858,5.00646902654867,70.5889203539823
"1310",2027,29,161.749752212389,4.79763716814159,65.3633274336283
"1311",2027,30,153.709805309735,4.55736283185841,60.0256017699115
"1312",2027,31,144.345566371681,4.2733982300885,54.4661681415929
"1313",2027,32,133.819026548673,3.95046017699115,48.7403185840708
"1314",2027,33,123.233168141593,3.6215221238938,43.2519911504425
"1315",2027,34,112.800991150442,3.2941592920354,38.0676283185841
"1316",2027,35,102.283486725664,2.96762831858407,33.1475398230088
"1317",2027,36,91.6338230088496,2.64223008849558,28.4825309734513
"1318",2027,37,80.9595221238938,2.32150442477876,24.1106460176991
"1319",2027,38,70.3777876106195,2.00834513274336,20.0575044247788
"1320",2027,39,60.3380442477876,1.71517699115044,16.439592920354
"1321",2027,40,50.9458053097345,1.44425663716814,13.2644336283186
"1322",2027,41,42.2400707964602,1.19277876106195,10.4679203539823
"1323",2027,42,34.4247699115044,0.965884955752212,8.06920353982301
"1324",2027,43,28.336796460177,0.787716814159292,6.24169911504425
"1325",2027,44,23.9874778761062,0.659053097345133,4.93924778761062
"1326",2027,45,20.5444247787611,0.557884955752212,3.95120353982301
"1327",2027,46,17.7106902654867,0.476026548672566,3.18814159292035
"1328",2027,47,15.0628407079646,0.402008849557522,2.54911504424779
"1329",2027,48,12.2892920353982,0.326787610619469,1.96791150442478
"1330",2027,49,8.47871681415929,0.225238938053097,1.29005309734513
"1331",2028,15,23.1145840707965,0.636185840707965,12.6034867256637
"1332",2028,16,40.7475752212389,1.1349203539823,22.1493274336283
"1333",2028,17,64.6901769911504,1.83251327433628,35.1950796460177
"1334",2028,18,93.9267256637168,2.70195575221239,50.9953982300885
"1335",2028,19,122.769362831858,3.56975221238938,66.0800088495575
"1336",2028,20,148.880761061947,4.3630796460177,79.0096814159292
"1337",2028,21,167.242353982301,4.92069911504425,86.8553628318584
"1338",2028,22,177.513601769912,5.2312389380531,89.6888053097345
"1339",2028,23,182.955389380531,5.39645132743363,89.6958053097345
"1340",2028,24,184.562672566372,5.44777876106195,87.6961769911504
"1341",2028,25,183.450380530973,5.41988495575221,84.4479115044248
"1342",2028,26,180.044654867257,5.325,80.2901150442478
"1343",2028,27,175.100884955752,5.185,75.6225840707965
"1344",2028,28,168.878362831858,5.00646902654867,70.5889203539823
"1345",2028,29,161.749752212389,4.79763716814159,65.3633274336283
"1346",2028,30,153.709805309735,4.55736283185841,60.0256017699115
"1347",2028,31,144.345566371681,4.2733982300885,54.4661681415929
"1348",2028,32,133.819026548673,3.95046017699115,48.7403185840708
"1349",2028,33,123.233168141593,3.6215221238938,43.2519911504425
"1350",2028,34,112.800991150442,3.2941592920354,38.0676283185841
"1351",2028,35,102.283486725664,2.96762831858407,33.1475398230088
"1352",2028,36,91.6338230088496,2.64223008849558,28.4825309734513
"1353",2028,37,80.9595221238938,2.32150442477876,24.1106460176991
"1354",2028,38,70.3777876106195,2.00834513274336,20.0575044247788
"1355",2028,39,60.3380442477876,1.71517699115044,16.439592920354
"1356",2028,40,50.9458053097345,1.44425663716814,13.2644336283186
"1357",2028,41,42.2400707964602,1.19277876106195,10.4679203539823
"1358",2028,42,34.4247699115044,0.965884955752212,8.06920353982301
"1359",2028,43,28.336796460177,0.787716814159292,6.24169911504425
"1360",2028,44,23.9874778761062,0.659053097345133,4.93924778761062
"1361",2028,45,20.5444247787611,0.557884955752212,3.95120353982301
"1362",2028,46,17.7106902654867,0.476026548672566,3.18814159292035
"1363",2028,47,15.0628407079646,0.402008849557522,2.54911504424779
"1364",2028,48,12.2892920353982,0.326787610619469,1.96791150442478
"1365",2028,49,8.47871681415929,0.225238938053097,1.29005309734513
"1366",2029,15,23.1145840707965,0.636185840707965,12.6034867256637
"1367",2029,16,40.7475752212389,1.1349203539823,22.1493274336283
"1368",2029,17,64.6901769911504,1.83251327433628,35.1950796460177
"1369",2029,18,93.9267256637168,2.70195575221239,50.9953982300885
"1370",2029,19,122.769362831858,3.56975221238938,66.0800088495575
"1371",2029,20,148.880761061947,4.3630796460177,79.0096814159292
"1372",2029,21,167.242353982301,4.92069911504425,86.8553628318584
"1373",2029,22,177.513601769912,5.2312389380531,89.6888053097345
"1374",2029,23,182.955389380531,5.39645132743363,89.6958053097345
"1375",2029,24,184.562672566372,5.44777876106195,87.6961769911504
"1376",2029,25,183.450380530973,5.41988495575221,84.4479115044248
"1377",2029,26,180.044654867257,5.325,80.2901150442478
"1378",2029,27,175.100884955752,5.185,75.6225840707965
"1379",2029,28,168.878362831858,5.00646902654867,70.5889203539823
"1380",2029,29,161.749752212389,4.79763716814159,65.3633274336283
"1381",2029,30,153.709805309735,4.55736283185841,60.0256017699115
"1382",2029,31,144.345566371681,4.2733982300885,54.4661681415929
"1383",2029,32,133.819026548673,3.95046017699115,48.7403185840708
"1384",2029,33,123.233168141593,3.6215221238938,43.2519911504425
"1385",2029,34,112.800991150442,3.2941592920354,38.0676283185841
"1386",2029,35,102.283486725664,2.96762831858407,33.1475398230088
"1387",2029,36,91.6338230088496,2.64223008849558,28.4825309734513
"1388",2029,37,80.9595221238938,2.32150442477876,24.1106460176991
"1389",2029,38,70.3777876106195,2.00834513274336,20.0575044247788
"1390",2029,39,60.3380442477876,1.71517699115044,16.439592920354
"1391",2029,40,50.9458053097345,1.44425663716814,13.2644336283186
"1392",2029,41,42.2400707964602,1.19277876106195,10.4679203539823
"1393",2029,42,34.4247699115044,0.965884955752212,8.06920353982301
"1394",2029,43,28.336796460177,0.787716814159292,6.24169911504425
"1395",2029,44,23.9874778761062,0.659053097345133,4.93924778761062
"1396",2029,45,20.5444247787611,0.557884955752212,3.95120353982301
"1397",2029,46,17.7106902654867,0.476026548672566,3.18814159292035
"1398",2029,47,15.0628407079646,0.402008849557522,2.54911504424779
"1399",2029,48,12.2892920353982,0.326787610619469,1.96791150442478
"1400",2029,49,8.47871681415929,0.225238938053097,1.29005309734513
"1401",2030,15,23.1145840707965,0.636185840707965,12.6034867256637
"1402",2030,16,40.7475752212389,1.1349203539823,22.1493274336283
"1403",2030,17,64.6901769911504,1.83251327433628,35.1950796460177
"1404",2030,18,93.9267256637168,2.70195575221239,50.9953982300885
"1405",2030,19,122.769362831858,3.56975221238938,66.0800088495575
"1406",2030,20,148.880761061947,4.3630796460177,79.0096814159292
"1407",2030,21,167.242353982301,4.92069911504425,86.8553628318584
"1408",2030,22,177.513601769912,5.2312389380531,89.6888053097345
"1409",2030,23,182.955389380531,5.39645132743363,89.6958053097345
"1410",2030,24,184.562672566372,5.44777876106195,87.6961769911504
"1411",2030,25,183.450380530973,5.41988495575221,84.4479115044248
"1412",2030,26,180.044654867257,5.325,80.2901150442478
"1413",2030,27,175.100884955752,5.185,75.6225840707965
"1414",2030,28,168.878362831858,5.00646902654867,70.5889203539823
"1415",2030,29,161.749752212389,4.79763716814159,65.3633274336283
"1416",2030,30,153.709805309735,4.55736283185841,60.0256017699115
"1417",2030,31,144.345566371681,4.2733982300885,54.4661681415929
"1418",2030,32,133.819026548673,3.95046017699115,48.7403185840708
"1419",2030,33,123.233168141593,3.6215221238938,43.2519911504425
"1420",2030,34,112.800991150442,3.2941592920354,38.0676283185841
"1421",2030,35,102.283486725664,2.96762831858407,33.1475398230088
"1422",2030,36,91.6338230088496,2.64223008849558,28.4825309734513
"1423",2030,37,80.9595221238938,2.32150442477876,24.1106460176991
"1424",2030,38,70.3777876106195,2.00834513274336,20.0575044247788
"1425",2030,39,60.3380442477876,1.71517699115044,16.439592920354
"1426",2030,40,50.9458053097345,1.44425663716814,13.2644336283186
"1427",2030,41,42.2400707964602,1.19277876106195,10.4679203539823
"1428",2030,42,34.4247699115044,0.965884955752212,8.06920353982301
"1429",2030,43,28.336796460177,0.787716814159292,6.24169911504425
"1430",2030,44,23.9874778761062,0.659053097345133,4.93924778761062
"1431",2030,45,20.5444247787611,0.557884955752212,3.95120353982301
"1432",2030,46,17.7106902654867,0.476026548672566,3.18814159292035
"1433",2030,47,15.0628407079646,0.402008849557522,2.54911504424779
"1434",2030,48,12.2892920353982,0.326787610619469,1.96791150442478
"1435",2030,49,8.47871681415929,0.225238938053097,1.29005309734513
